date,crypto_price,energy_used
2020-08-24,22.020189,3137.985593
2020-08-25,22.193523,21374.51577
2020-08-26,21.462585,20195.46624
2020-08-27,22.159378,21822.78545
2020-08-28,24.273489,24722.32972
2020-08-29,23.958603,20100.28535
2020-08-30,23.271317,21144.78061
2020-08-31,23.135849,22012.02226
2020-09-01,23.747984,21364.48901
2020-09-02,23.038567,21283.68797
2020-09-03,21.631742,21757.68486
2020-09-04,20.949558,22330.04185
2020-09-05,19.890278,23506.20562
2020-09-06,20.203026,24729.66638
2020-09-07,20.467377,24440.60213
2020-09-08,20.077477,21675.12302
2020-09-09,20.313395,19055.74118
2020-09-10,19.929527,19188.68139
2020-09-11,18.918404,21384.00451
2020-09-12,18.329935,21969.32293
2020-09-13,18.18145,19636.02176
2020-09-14,18.128639,19992.77889
2020-09-15,17.911659,18318.79854
2020-09-16,18.02022,17807.18907
2020-09-17,18.568575,20110.31212
2020-09-18,18.906687,21102.66821
2020-09-19,18.139364,21269.60159
2020-09-20,16.745331,18590.79284
2020-09-21,15.709917,20657.13754
2020-09-22,16.351149,21399.0202
2020-09-23,16.112314,20681.00613
2020-09-24,16.590204,20773.83929
2020-09-25,16.349289,20071.91695
2020-09-26,16.221144,19567.88868
2020-09-27,15.173901,20605.34075
2020-09-28,17.763321,21523.59662
2020-09-29,21.540382,22508.51823
2020-09-30,22.186716,24773.6374
2020-10-01,21.758898,26397.28829
2020-10-02,20.70903,25081.92369
2020-10-03,20.316441,25573.23509
2020-10-04,21.564394,24957.9342
2020-10-05,20.777245,24553.09752
2020-10-06,19.470373,23028.00239
2020-10-07,19.500299,24289.3692
2020-10-08,20.234339,25668.26924
2020-10-09,22.22176,25720.11494
2020-10-10,26.134886,25961.93112
2020-10-11,26.476744,24036.20565
2020-10-12,27.37142,17197.95315
2020-10-13,33.309551,22545.29933
2020-10-14,30.216923,22370.5891
2020-10-15,59.259228,13754.32247
2020-10-16,44.040546,8401.253697
2020-10-17,41.978329,9332.226432
2020-10-18,32.441029,9541.076573
2020-10-19,33.882938,8146.427178
2020-10-20,31.051367,10790.01998
2020-10-21,26.82373,11561.64055
2020-10-22,23.770475,11392.40835
2020-10-23,24.497433,12994.97857
2020-10-24,25.737793,14669.05674
2020-10-25,38.494858,17376.52736
2020-10-26,33.72261,19169.75282
2020-10-27,35.245758,19953.25877
2020-10-28,33.615265,21240.89081
2020-10-29,32.643192,21710.29006
2020-10-30,29.268766,22156.40765
2020-10-31,31.146847,23078.03838
2020-11-01,31.591875,22490.6657
2020-11-02,29.743048,21978.71385
2020-11-03,28.788294,21438.19794
2020-11-04,28.857746,24414.38582
2020-11-05,29.346533,24174.37934
2020-11-06,31.754433,24934.40799
2020-11-07,29.940458,25249.29727
2020-11-08,30.691877,25098.16215
2020-11-09,31.19936,26708.65597
2020-11-10,30.370979,27988.2666
2020-11-11,30.097725,27006.71985
2020-11-12,29.517569,28339.00766
2020-11-13,29.223934,28094.89266
2020-11-14,29.353889,26470.16574
2020-11-15,27.825686,26326.70966
2020-11-16,27.535135,27529.08975
2020-11-17,29.247807,27552.66487
2020-11-18,28.882557,27066.73369
2020-11-19,28.700035,26938.19548
2020-11-20,29.099771,25779.93314
2020-11-21,29.902411,28483.05068
2020-11-22,29.709885,26139.38037
2020-11-23,29.206049,25500.16199
2020-11-24,30.162628,15090.57208
2020-11-25,30.973227,25970.97966
2020-11-26,29.928549,30672.50447
2020-11-27,29.921663,28652.57634
2020-11-28,29.986433,26800.55981
2020-11-29,30.012173,28928.48352
2020-11-30,30.37175,27948.4041
2020-12-01,30.226955,28265.00526
2020-12-02,30.605064,27974.0824
2020-12-03,30.502073,27008.38282
2020-12-04,29.122169,32313.86115
2020-12-05,29.878197,27258.07368
2020-12-06,29.360336,28309.56322
2020-12-07,30.49172,28344.09441
2020-12-08,29.977901,28033.50931
2020-12-09,30.498098,28573.58501
2020-12-10,30.606852,30046.93227
2020-12-11,30.012934,28352.11582
2020-12-12,30.068363,28645.97335
2020-12-13,30.087234,28302.61785
2020-12-14,29.442978,27778.43824
2020-12-15,29.191568,27939.64902
2020-12-16,28.56122,27563.37639
2020-12-17,28.563356,27712.65289
2020-12-18,28.489697,27329.14142
2020-12-19,28.299299,20725.46627
2020-12-20,28.348827,27335.54877
2020-12-21,25.221773,26559.28165
2020-12-22,24.674934,27283.89871
2020-12-23,22.332573,26940.34757
2020-12-24,23.753868,27135.06242
2020-12-25,24.356476,28038.15586
2020-12-26,23.564009,27490.25439
2020-12-27,22.268867,28303.79172
2020-12-28,22.013369,27019.38781
2020-12-29,20.437702,28286.03701
2020-12-30,21.641243,27831.4578
2020-12-31,24.353868,27380.15564
2021-01-01,22.29101,27883.20568
2021-01-02,21.808891,28987.27459
2021-01-03,21.426378,27808.8609
2021-01-04,21.467407,28441.47629
2021-01-05,21.632771,28184.88898
2021-01-06,21.969751,27942.48586
2021-01-07,22.107826,27481.10802
2021-01-08,21.662432,27650.92715
2021-01-09,22.114525,28059.87236
2021-01-10,23.497114,28923.83697
2021-01-11,21.613977,28997.0568
2021-01-12,21.034431,29262.39919
2021-01-13,21.687958,28907.5985
2021-01-14,21.560232,29567.35952
2021-01-15,21.527254,29258.48631
2021-01-16,22.849653,31539.45266
2021-01-17,24.351658,29230.94939
2021-01-18,23.729397,30859.83376
2021-01-19,22.736326,31040.11985
2021-01-20,22.374847,30202.51829
2021-01-21,21.293459,31180.59236
2021-01-22,22.306198,33580.85273
2021-01-23,22.707294,33507.04597
2021-01-24,22.759356,33690.41346
2021-01-25,22.437037,34517.64588
2021-01-26,22.19121,34441.49139
2021-01-27,21.462456,35632.08393
2021-01-28,21.947098,34627.84246
2021-01-29,22.275328,35654.5341
2021-01-30,22.059891,36110.72737
2021-01-31,22.27236,35633.35562
2021-02-01,22.609543,36481.91325
2021-02-02,22.543348,36230.75506
2021-02-03,23.035694,35759.25263
2021-02-04,22.882219,36158.85583
2021-02-05,24.519003,37429.22227
2021-02-06,24.278181,36385.31394
2021-02-07,24.080338,37077.20952
2021-02-08,27.655272,37622.37197
2021-02-09,43.764973,37540.59271
2021-02-10,39.909206,37422.47255
2021-02-11,40.253323,36614.55999
2021-02-12,42.785889,37184.76489
2021-02-13,41.695164,37216.16578
2021-02-14,47.475773,36886.94557
2021-02-15,42.972301,38133.93254
2021-02-16,41.955551,38201.62541
2021-02-17,43.240036,37883.26346
2021-02-18,43.432198,37015.58161
2021-02-19,43.141293,37305.47734
2021-02-20,43.265217,39150.49959
2021-02-21,44.788364,39147.12473
2021-02-22,39.474373,39720.21538
2021-02-23,35.442047,40041.21854
2021-02-24,36.671761,39876.04596
2021-02-25,34.910561,40250.41106
2021-02-26,35.106033,41768.80538
2021-02-27,38.028404,40410.15451
2021-02-28,35.991943,39805.12495
2021-03-01,38.432846,39713.36784
2021-03-02,38.186371,39601.36156
2021-03-03,42.25827,37937.40798
2021-03-04,40.744232,48618.2096
2021-03-05,40.551811,50205.22612
2021-03-06,40.485287,49382.83589
2021-03-07,41.532177,49508.34162
2021-03-08,41.543385,49672.87836
2021-03-09,41.97176,49190.71333
2021-03-10,42.632648,49435.65982
2021-03-11,42.244408,49509.46657
2021-03-12,44.132339,50038.63512
2021-03-13,49.669102,50571.66763
2021-03-14,54.541752,49944.48136
2021-03-15,53.606438,49277.48151
2021-03-16,63.240593,50776.06687
2021-03-17,89.26825,51658.47094
2021-03-18,79.687279,50618.81787
2021-03-19,83.317841,51765.63503
2021-03-20,82.451317,52640.80027
2021-03-21,80.999252,51377.67266
2021-03-22,76.779648,53138.07881
2021-03-23,82.449516,49101.64632
2021-03-24,86.365334,46623.42175
2021-03-25,90.843285,52275.67935
2021-03-26,124.072655,51970.181
2021-03-27,133.18425,53530.58991
2021-03-28,125.447052,52953.7331
2021-03-29,127.529121,53824.00723
2021-03-30,149.664902,54323.92697
2021-03-31,191.356552,55669.02949
2021-04-01,188.178619,55592.04351
2021-04-02,171.975632,54246.98991
2021-04-03,178.852188,57077.47179
2021-04-04,183.776642,55397.42648
2021-04-05,176.778198,56204.06735
2021-04-06,166.026062,54752.4366
2021-04-07,156.494781,56287.31394
2021-04-08,154.596664,57661.37179
2021-04-09,172.519867,57835.88638
2021-04-10,174.755371,54517.81034
2021-04-11,179.184311,50837.49913
2021-04-12,168.178284,54436.1289
2021-04-13,163.96521,55270.25778
2021-04-14,168.193771,55928.79602
2021-04-15,171.222122,57168.34851
2021-04-16,183.253845,55992.18473
2021-04-17,182.68866,58085.67506
2021-04-18,156.309326,55857.8261
2021-04-19,154.857834,58932.32516
2021-04-20,153.701645,56892.34351
2021-04-21,148.277863,60038.83962
2021-04-22,145.826233,59232.10093
2021-04-23,138.894791,57867.09162
2021-04-24,133.53949,58067.48015
2021-04-25,133.92662,59234.69321
2021-04-26,154.290405,58941.17806
2021-04-27,152.286957,56953.62904
2021-04-28,150.940002,53730.00022
2021-04-29,149.798523,57261.52404
2021-04-30,163.893555,56998.38264
2021-05-01,164.376724,56802.49393
2021-05-02,162.581589,55261.69834
2021-05-03,160.305832,59721.45588
2021-05-04,140.924927,57916.24722
2021-05-05,152.309418,56911.56555
2021-05-06,153.511963,57862.34725
2021-05-07,150.427643,58675.93349
2021-05-08,148.015884,61105.5894
2021-05-09,146.416107,60265.83576
2021-05-10,135.719299,59670.05038
2021-05-11,143.126099,62955.45385
2021-05-12,126.860405,61130.8275
2021-05-13,117.703171,61179.34725
2021-05-14,120.49752,60696.74202
2021-05-15,110.35968,58173.71493
2021-05-16,107.695923,62497.98889
2021-05-17,99.48632,59870.14544
2021-05-18,100.091484,62834.7414
2021-05-19,65.360855,63261.68587
2021-05-20,89.00901,63107.71392
2021-05-21,76.721237,60297.9214
2021-05-22,72.308556,59222.71001
2021-05-23,65.106728,62002.22659
2021-05-24,74.780365,60171.58418
2021-05-25,71.935547,60224.21246
2021-05-26,74.758377,61025.91332
2021-05-27,71.175743,59631.85086
2021-05-28,66.820404,59953.63659
2021-05-29,68.212379,57952.14792
2021-05-30,68.422081,58009.56948
2021-05-31,72.690613,56854.14398
2021-06-01,69.211021,60940.27009
2021-06-02,70.053764,61435.59219
2021-06-03,89.32058,55784.65518
2021-06-04,87.866524,61615.19353
2021-06-05,88.244629,59912.89369
2021-06-06,87.023476,60423.23148
2021-06-07,81.864487,61800.56637
2021-06-08,76.222862,60487.69624
2021-06-09,77.572128,61394.94712
2021-06-10,73.382317,57801.59974
2021-06-11,70.816826,55603.29305
2021-06-12,69.721138,56678.94464
2021-06-13,73.185097,56394.52694
2021-06-14,74.556,57590.30405
2021-06-15,74.318108,60164.93228
2021-06-16,69.628685,59710.25525
2021-06-17,68.880341,58917.65185
2021-06-18,65.678658,56982.48655
2021-06-19,64.93502,57884.40613
2021-06-20,63.315895,58718.33936
2021-06-21,46.222328,57360.51998
2021-06-22,49.314754,57232.51979
2021-06-23,58.006371,56669.35808
2021-06-24,57.141617,56794.91272
2021-06-25,52.157543,58136.49363
2021-06-26,52.975452,57982.81514
2021-06-27,56.127647,56087.36561
2021-06-28,56.342426,55000.02428
2021-06-29,64.280266,49165.91543
2021-06-30,60.372555,34014.4491
2021-07-01,56.82608,53644.65045
2021-07-02,57.194809,64361.35278
2021-07-03,58.858742,66801.42674
2021-07-04,58.772308,64830.31183
2021-07-05,56.096802,66978.14233
2021-07-06,57.038994,72157.47909
2021-07-07,56.416328,78365.80631
2021-07-08,53.88549,82143.69504
2021-07-09,55.207897,83002.67072
2021-07-10,54.264488,81594.08168
2021-07-11,55.09626,80488.64327
2021-07-12,52.528614,81252.48698
2021-07-13,50.941856,80705.27026
2021-07-14,49.674278,83929.92622
2021-07-15,47.173065,86367.8481
2021-07-16,45.8703,83976.00042
2021-07-17,45.615139,82001.55956
2021-07-18,46.892002,78958.75485
2021-07-19,44.647362,78580.72142
2021-07-20,41.262764,78722.8569
2021-07-21,46.171818,80287.47216
2021-07-22,45.620296,82975.76965
2021-07-23,47.376389,85409.53409
2021-07-24,49.526295,85390.75225
2021-07-25,49.005375,82259.90767
2021-07-26,49.129223,82607.12714
2021-07-27,49.637131,80767.77857
2021-07-28,49.517242,85421.71294
2021-07-29,49.371132,86975.22539
2021-07-30,51.307907,86825.5087
2021-07-31,52.200218,85895.17181
2021-08-01,53.937824,81233.02039
2021-08-02,54.483311,81695.13189
2021-08-03,54.177982,81601.7118
2021-08-04,56.454807,83725.57589
2021-08-05,57.844742,85519.82849
2021-08-06,64.126648,85155.14777
2021-08-07,69.249519,80124.45166
2021-08-08,64.46962,85703.34271
2021-08-09,67.768356,86481.85973
2021-08-10,66.718857,87284.83228
2021-08-11,71.951958,87461.35222
2021-08-12,68.313103,90548.42142
2021-08-13,74.523773,84483.79484
2021-08-14,72.532333,81123.89986
2021-08-15,73.186211,80541.80957
2021-08-16,73.489769,84764.54421
2021-08-17,69.557838,89694.23902
2021-08-18,67.577591,88157.11176
2021-08-19,70.448517,89346.57934
2021-08-20,73.149849,91870.73139
2021-08-21,78.196701,92167.76813
2021-08-22,77.239769,87360.2531
2021-08-23,79.983803,87329.14568
2021-08-24,74.424599,90843.74628
2021-08-25,76.393562,90249.23259
2021-08-26,72.440079,93065.97047
2021-08-27,75.150642,97151.7542
2021-08-28,73.950935,95421.03705
2021-08-29,73.672806,93212.11666
2021-08-30,71.132118,96554.94169
2021-08-31,75.947006,95178.58502
2021-09-01,78.735229,94226.72727
2021-09-02,77.444252,97577.81827
2021-09-03,77.744698,100287.1475
2021-09-04,94.900063,96129.80693
2021-09-05,113.604744,93962.46092
2021-09-06,106.24044,91440.99899
2021-09-07,83.971397,88199.8111
2021-09-08,88.206604,94311.9303
2021-09-09,88.571609,97729.78487
2021-09-10,82.488327,101116.0429
2021-09-11,81.744705,100734.0477
2021-09-12,83.781456,95029.16179
2021-09-13,78.252686,96566.43578
2021-09-14,80.841232,97081.61577
2021-09-15,86.353867,99273.95531
2021-09-16,84.733452,99415.89515
2021-09-17,85.703537,98919.98611
2021-09-18,84.357841,97049.57903
2021-09-19,83.519791,97107.63644
2021-09-20,74.071091,95763.26759
2021-09-21,69.445244,94437.24039
2021-09-22,74.583542,94456.12005
2021-09-23,74.838516,96554.94169
2021-09-24,63.301563,95787.96767
2021-09-25,60.451473,93809.41828
2021-09-26,55.733105,89160.91304
2021-09-27,59.123135,88783.90674
2021-09-28,55.437572,89487.2475
2021-09-29,57.068401,92596.9136
2021-09-30,60.012264,94884.3362
2021-10-01,71.518196,92518.36247
2021-10-02,69.962685,89420.53284
2021-10-03,69.079216,89419.45679
2021-10-04,69.53907,90062.19677
2021-10-05,70.963654,86932.62388
2021-10-06,71.891983,82690.32482
2021-10-07,71.455704,75552.63893
2021-10-08,79.360229,76784.31674
2021-10-09,76.709297,79127.54685
2021-10-10,69.883102,78079.38326
2021-10-11,73.247536,77212.72854
2021-10-12,69.774307,73852.44227
2021-10-13,68.278465,73128.99908
2021-10-14,70.281784,69029.27571
2021-10-15,67.232613,70272.8389
2021-10-16,66.516518,70381.76378
2021-10-17,63.418892,66239.24325
2021-10-18,63.392326,60945.50357
2021-10-19,62.967365,61468.4115
2021-10-20,66.841316,61464.69426
2021-10-21,63.603432,58064.64331
2021-10-22,65.844147,59307.47284
2021-10-23,64.856743,60115.8256
2021-10-24,62.65847,59251.37188
2021-10-25,63.924484,56609.93116
2021-10-26,62.827206,53627.43377
2021-10-27,55.309811,59739.89534
2021-10-28,58.174435,58780.94549
2021-10-29,59.851173,59789.34441
2021-10-30,60.741985,57385.07332
2021-10-31,64.410339,53124.43263
2021-11-01,63.927395,52733.68233
2021-11-02,64.783234,53673.99708
2021-11-03,64.055214,58414.45507
2021-11-04,62.52943,58792.97761
2021-11-05,63.658596,56488.09376
2021-11-06,61.931377,54353.46924
2021-11-07,62.594185,49940.86195
2021-11-08,64.351021,50939.82103
2021-11-09,66.751205,51833.57246
2021-11-10,63.600456,52169.83586
2021-11-11,63.03603,51800.31295
2021-11-12,62.794655,51269.92164
2021-11-13,63.029873,50409.33189
2021-11-14,62.564407,46052.92338
2021-11-15,60.822262,45636.00567
2021-11-16,56.239548,44881.99308
2021-11-17,56.160442,48303.12468
2021-11-18,51.763981,52153.10829
2021-11-19,53.799706,51244.73245
2021-11-20,54.375874,52431.50993
2021-11-21,53.286945,50413.19586
2021-11-22,51.748146,45263.5481
2021-11-23,51.761379,41959.31388
2021-11-24,50.70396,38219.03774
2021-11-25,50.109303,42867.54299
2021-11-26,52.481216,41545.67322
2021-11-27,57.807198,47403.69957
2021-11-28,56.495411,42726.2879
2021-11-29,54.815617,43409.23275
2021-11-30,53.763393,40729.69034
2021-12-01,54.385078,40228.93911
2021-12-02,53.673012,40817.6813
2021-12-03,49.65546,40180.71283
2021-12-04,41.074883,39812.95072
2021-12-05,39.081219,39157.29823
2021-12-06,38.896427,40717.26694
2021-12-07,39.210144,41858.85061
2021-12-08,41.420074,42633.94386
2021-12-09,37.542099,41785.82643
2021-12-10,39.924099,41755.35485
2021-12-11,40.378727,40987.64716
2021-12-12,39.795551,38773.64003
2021-12-13,35.89093,40365.15636
2021-12-14,36.509487,39442.79197
2021-12-15,38.226669,41498.42515
2021-12-16,37.214424,38496.80354
2021-12-17,35.692127,40111.21024
2021-12-18,36.292023,39932.88059
2021-12-19,35.79224,40100.35199
2021-12-20,34.783512,41968.31352
2021-12-21,35.312775,44361.77526
2021-12-22,35.601234,45337.0614
2021-12-23,37.352356,45666.2327
2021-12-24,36.326519,46066.81411
2021-12-25,36.997223,42048.4298
2021-12-26,37.290997,42360.58006
2021-12-27,39.149315,41398.10861
2021-12-28,36.28783,41077.15437
2021-12-29,34.1731,40735.85313
2021-12-30,34.972874,39204.69302
2021-12-31,34.270481,37513.20253
2022-01-01,35.854889,37165.49394
2022-01-02,35.792622,38022.65992
2022-01-03,35.020367,36760.95073
2022-01-04,36.098606,36144.67163
2022-01-05,33.258137,37187.74847
2022-01-06,32.994217,37960.5429
2022-01-07,31.459591,38835.75705
2022-01-08,29.43952,37864.77508
2022-01-09,30.23494,38572.12654
2022-01-10,28.169619,39375.24582
2022-01-11,28.88755,38919.98186
2022-01-12,30.771364,39741.9808
2022-01-13,28.467012,38359.65698
2022-01-14,29.802885,38416.19815
2022-01-15,29.783924,39531.46768
2022-01-16,30.413492,36106.03191
2022-01-17,29.019115,35391.29488
2022-01-18,28.516174,36665.08509
2022-01-19,27.63147,37045.75972
2022-01-20,26.141457,35768.30117
2022-01-21,21.872448,39084.27404
2022-01-22,18.959282,39215.79583
2022-01-23,19.455969,39689.49925
2022-01-24,18.413218,40341.67906
2022-01-25,18.14986,41397.37495
2022-01-26,19.307182,41529.6304
2022-01-27,19.221661,41948.06435
2022-01-28,19.622816,42296.21313
2022-01-29,20.220657,42864.41268
2022-01-30,19.83703,42448.76666
2022-01-31,21.322905,40901.95502
2022-02-01,20.914812,37724.79169
2022-02-02,20.183401,35878.59557
2022-02-03,20.316822,34576.33913
2022-02-04,21.617502,32850.90437
2022-02-05,22.016569,33050.46142
2022-02-06,22.44775,31738.08039
2022-02-07,24.404755,35090.19852
2022-02-08,24.596313,34693.48107
2022-02-09,24.269861,35939.34308
2022-02-10,23.179502,33301.86416
2022-02-11,21.037802,37223.40461
2022-02-12,20.850382,35309.95582
2022-02-13,20.664286,35968.39624
2022-02-14,20.727551,33489.24235
2022-02-15,22.342148,34559.70938
2022-02-16,23.083826,34837.03497
2022-02-17,20.481836,37667.7125
2022-02-18,21.160259,36962.80659
2022-02-19,20.877937,37476.61707
2022-02-20,19.838818,36723.63161
2022-02-21,18.600885,34977.06728
2022-02-22,19.213531,36466.89756
2022-02-23,18.488123,36562.51864
2022-02-24,18.426636,35273.81056
2022-02-25,18.921919,35664.12066
2022-02-26,19.07542,33591.27078
2022-02-27,20.347237,31941.40358
2022-02-28,21.672407,25630.60774
2022-03-01,20.935631,26758.74087
2022-03-02,20.683947,32714.63821
2022-03-03,20.141827,40319.47345
2022-03-04,18.778595,41593.99733
2022-03-05,19.108639,39826.05888
2022-03-06,18.389894,40542.06759
2022-03-07,17.887239,41736.27954
2022-03-08,18.003202,41760.93071
2022-03-09,18.826591,41627.15901
2022-03-10,17.884068,41581.9163
2022-03-11,17.403709,42152.02338
2022-03-12,17.736349,41593.80168
2022-03-13,17.265333,41135.7987
2022-03-14,17.470867,40596.84795
2022-03-15,16.848886,40853.09289
2022-03-16,17.42931,42413.35507
2022-03-17,17.461836,45577.11678
2022-03-18,17.628176,48566.02152
2022-03-19,18.193796,47077.80531
2022-03-20,17.628698,47356.15804
2022-03-21,17.835012,46866.85199
2022-03-22,18.295139,46503.49188
2022-03-23,19.354261,48975.50475
2022-03-24,19.582233,49269.16663
2022-03-25,18.854961,52170.96082
2022-03-26,19.422392,51420.66546
2022-03-27,23.679474,50367.07275
2022-03-28,25.081484,51027.37179
2022-03-29,26.436857,52603.43223
2022-03-30,25.859909,52254.94107
2022-03-31,24.253956,52857.23162
2022-04-01,25.516237,52034.40119
2022-04-02,23.913689,51488.55399
2022-04-03,25.449072,48885.60626
2022-04-04,25.233622,46500.16593
2022-04-05,24.874647,44801.53442
2022-04-06,21.664864,45922.86892
2022-04-07,22.4604,46444.35843
2022-04-08,21.260263,46294.83738
2022-04-09,21.71946,46737.5312
2022-04-10,21.097212,46694.73404
2022-04-11,18.275814,45611.94144
2022-04-12,19.47014,44635.09015
2022-04-13,19.419378,43782.17943
2022-04-14,18.673882,45441.38864
2022-04-15,19.071894,47437.44819
2022-04-16,21.649694,47343.97919
2022-04-17,19.733658,46695.17424
2022-04-18,19.627514,44289.19128
2022-04-19,20.391369,45986.35545
2022-04-20,19.629992,46852.12977
2022-04-21,18.875776,45810.2268
2022-04-22,19.241552,47691.44322
2022-04-23,18.940601,46412.02823
2022-04-24,18.891369,44195.77119
2022-04-25,18.644262,46424.45164
2022-04-26,17.277328,46661.81691
2022-04-27,17.72123,46264.12125
2022-04-28,18.11351,48111.73578
2022-04-29,17.309917,46732.49337
2022-04-30,14.330068,45992.42042
2022-05-01,15.133082,45925.36339
2022-05-02,14.628806,44070.36328
2022-05-03,14.619692,44461.11358
2022-05-04,15.689732,44818.75111
2022-05-05,13.982954,45440.26369
2022-05-06,13.868735,50090.08953
2022-05-07,13.2646,51377.67266
2022-05-08,13.092666,50430.46146
2022-05-09,11.128685,49511.32519
2022-05-10,11.341857,49568.9424
2022-05-11,8.546657,50692.28225
2022-05-12,8.117062,48917.64299
2022-05-13,8.730104,48115.74649
2022-05-14,8.81534,46003.37649
2022-05-15,9.169947,45514.36392
2022-05-16,8.270936,48376.83362
2022-05-17,8.575018,48026.87513
2022-05-18,7.574566,46661.08325
2022-05-19,8.22061,45667.50438
2022-05-20,7.935034,45273.08576
2022-05-21,8.17425,45692.20446
2022-05-22,8.470877,44263.70862
2022-05-23,8.147724,45118.57578
2022-05-24,8.411102,44100.10119
2022-05-25,8.168031,42773.2425
2022-05-26,7.650799,30404.71653
2022-05-27,7.197633,43767.11483
2022-05-28,7.539351,44728.99935
2022-05-29,7.626446,42834.43021
2022-05-30,8.202182,42970.74528
2022-05-31,8.068273,43914.28815
2022-06-01,7.448825,42186.16329
2022-06-02,7.757703,43755.66965
2022-06-03,7.398786,42291.02856
2022-06-04,7.458556,40227.08049
2022-06-05,7.365965,39018.39087
2022-06-06,7.57429,40637.44412
2022-06-07,7.3298,41234.59901
2022-06-08,7.18839,39706.32465
2022-06-09,7.224278,38479.68468
2022-06-10,6.819968,39694.68382
2022-06-11,6.094228,37807.94045
2022-06-12,5.714781,37156.49431
2022-06-13,5.314726,36291.60039
2022-06-14,5.488888,38322.48459
2022-06-15,5.846951,37114.72428
2022-06-16,5.288224,40027.13216
2022-06-17,5.340893,42510.19893
2022-06-18,5.108145,42110.84029
2022-06-19,5.476022,39825.37412
2022-06-20,5.469457,41244.13666
2022-06-21,5.95042,41428.82474
2022-06-22,5.532756,41947.23286
2022-06-23,5.797234,41114.66914
2022-06-24,6.117861,42346.73823
2022-06-25,6.083037,39602.48651
2022-06-26,5.831832,39388.74527
2022-06-27,5.777835,42631.05811
2022-06-28,5.505895,45238.84803
2022-06-29,5.438049,44369.01409
2022-06-30,5.388857,42432.91949
2022-07-01,5.311071,39442.54741
2022-07-02,5.336033,36432.5131
2022-07-03,5.310825,34317.55082
2022-07-04,5.558799,30716.81787
2022-07-05,5.492034,23157.46991
2022-07-06,5.575416,17963.26419
2022-07-07,5.80867,13197.86157
2022-07-08,5.735401,17434.7315
2022-07-09,5.806201,19629.76115
2022-07-10,5.484713,20590.12942
2022-07-11,5.191659,22587.46065
2022-07-12,5.081658,26076.28513
2022-07-13,5.297848,25833.39291
2022-07-14,5.361027,25319.28897
2022-07-15,5.228496,24977.69426
2022-07-16,5.386935,24844.31386
2022-07-17,5.688719,23940.82913
2022-07-18,5.987658,26254.27241
2022-07-19,6.056086,24593.40022
2022-07-20,5.581972,24266.52774
2022-07-21,5.632761,25204.05456
2022-07-22,5.486861,25943.19819
2022-07-23,5.583065,24929.71253
2022-07-24,5.648096,22710.08063
2022-07-25,5.236839,22547.50033
2022-07-26,5.307252,21731.12616
2022-07-27,5.64393,21502.76052
2022-07-28,5.935979,22844.34143
2022-07-29,5.957067,22755.76354
2022-07-30,8.047046,21966.87737
2022-07-31,9.83788,21000.7376
2022-08-01,8.811206,21797.98755
2022-08-02,8.15643,22304.6081
2022-08-03,8.091404,20590.52071
2022-08-04,8.09992,20330.11833
2022-08-05,8.344742,23791.8461
2022-08-06,9.464841,23772.08604
2022-08-07,8.782747,21235.90188
2022-08-08,8.712517,22060.19964
2022-08-09,8.041505,22975.56975
2022-08-10,8.293769,22290.52173
2022-08-11,8.360317,21395.05841
2022-08-12,8.755224,21685.54107
2022-08-13,8.347149,21102.22801
2022-08-14,8.238071,17935.97183
2022-08-15,8.473929,19535.80304
2022-08-16,8.427291,20233.32338
2022-08-17,8.176953,20780.9803
2022-08-18,7.490127,19421.25339
2022-08-19,6.472313,20265.50685
2022-08-20,6.249108,20329.58031
2022-08-21,6.415201,19594.05609
2022-08-22,6.318515,19718.24122
2022-08-23,6.376111,20171.30418
2022-08-24,6.276423,19696.13343
2022-08-25,6.363798,21971.32828
2022-08-26,5.646423,23019.58969
2022-08-27,5.830761,21961.15478
2022-08-28,5.615007,20130.31673
2022-08-29,6.021931,20962.39135
2022-08-30,5.706767,22885.67126
2022-08-31,5.744146,22344.56842
2022-09-01,5.769775,23387.64526
2022-09-02,5.830133,21219.32104
2022-09-03,6.518859,21965.85024
2022-09-04,6.263213,20818.25051
2022-09-05,6.129818,20225.8889
2022-09-06,5.60813,19862.23532
2022-09-07,5.853741,18594.02097
2022-09-08,5.861864,19317.80654
2022-09-09,6.384137,19545.29178
2022-09-10,6.363796,18387.56747
2022-09-11,6.404723,19115.99959
2022-09-12,6.54175,19307.38848
2022-09-13,5.934766,20320.09157
2022-09-14,5.959262,20294.31545
2022-09-15,5.714375,21988.05585
2022-09-16,5.823905,21998.13153
2022-09-17,5.912122,21866.16954
2022-09-18,5.251811,20959.26104
2022-09-19,5.480259,21434.67635
2022-09-20,5.314151,20099.06258
2022-09-21,5.279063,20031.8099
2022-09-22,5.520966,19314.92078
2022-09-23,5.702567,19969.3505
2022-09-24,5.574241,20316.12977
2022-09-25,5.717006,20047.60816
2022-09-26,5.688375,19343.43592
2022-09-27,5.73376,18475.06932
2022-09-28,5.862675,18741.29211
2022-09-29,5.781772,20167.53803
2022-09-30,5.684224,20087.12828
2022-10-01,5.517215,20414.19641
2022-10-02,5.377714,17351.92511
2022-10-03,5.525445,16943.02881
2022-10-04,5.603505,18050.61931
2022-10-05,5.587211,18168.8373
2022-10-06,5.487322,17229.64751
2022-10-07,5.471751,18600.8196
2022-10-08,5.397412,18231.00323
2022-10-09,5.431464,18833.44051
2022-10-10,5.156588,18318.50508
2022-10-11,5.129609,17851.60029
2022-10-12,5.145176,18322.41796
2022-10-13,5.137164,19275.9876
2022-10-14,5.066583,18845.52153
2022-10-15,5.184858,18891.93811
2022-10-16,5.153086,11694.04273