date,storageCapacity,storageCapacityAdded,cumulativeRenewableEnergyPurchase,energyIntensityEstimate,energyConsumptionRateEstimate,energyUsedSealDataEstimate,cumulativeEnergyUseEstimate,energyUsedStoreDataEstimate,close,volume
2020-08-24,498448,2053024,15734658.47,10618.24561,4929.158175,3137.985593,118299.9113,1.605600698,22.020189,16525999
2020-08-25,9237744,13984256,16020743.17,3906.016457,33604.70765,21374.51577,924813.6787,29.75662097,22.193523,12692456
2020-08-26,22553828,13212864,16306827.87,1514.930303,31820.94311,20195.46624,1688517.054,72.65039075,21.462585,11780846
2020-08-27,36361328,14277536,16592912.57,1017.17266,34445.66272,21822.78545,2515213.759,117.1271098,22.159378,12722236
2020-08-28,51427203,16174560,16878997.27,815.8238348,39074.13964,24722.32972,3452994.017,165.6573063,24.273489,14827319
2020-08-29,66588868,13150592,17165081.97,514.292326,31894.20682,20100.28535,4218455.718,214.4960616,23.958603,11909919
2020-08-30,79698897,13833952,17451166.67,452.6802643,33600.36552,21144.78061,5024865.266,256.726087,23.271317,12931604
2020-08-31,93902134,14401344,17737251.37,400.6002507,35033.76471,22012.02226,5865676.426,302.477554,23.135849,11390455
2020-09-01,108235381,13977696,18023369.4,338.1838321,34089.6248,21364.48901,6683828.205,348.6478093,23.747984,15030026
2020-09-02,122057055,13924832,18309487.43,299.3870224,34032.6673,21283.68797,7500613,393.1701856,23.038567,12435331
2020-09-03,135607368,14234944,18595605.46,275.9063309,34845.3702,21757.68486,8336902.683,436.8184538,21.631742,12912275
2020-09-04,150591341,14609408,18881723.5,255.4008898,35819.74888,22330.04185,9196577.475,485.0848276,20.949558,12383956
2020-09-05,165302294,15378912,19167841.53,245.1496122,37740.72348,23506.20562,10102355.7,532.4717494,19.890278,11157500
2020-09-06,181284907,16179360,19453959.56,235.3922463,39742.38547,24729.66638,11056173.86,583.9549424,20.203026,10939716
2020-09-07,197461582,15990240,19740077.6,214.0852247,39370.36465,24440.60213,12001063.51,636.0632479,20.467377,9957541
2020-09-08,212556411,14180928,20026195.63,177.3345746,35104.90128,21675.12302,12843581.93,684.6867111,20.077477,9091454
2020-09-09,225733428,12467200,20312313.66,147.738275,31059.11171,19055.74118,13589001.31,727.1325183,20.313395,9581440
2020-09-10,238218136,12554176,20598431.69,141.2208564,31330.96655,19188.68139,14340945.21,767.3482597,19.929527,10236703
2020-09-11,251328502,13990464,20884549.73,148.8624693,34843.92669,21384.00451,15177200.24,809.5793706,18.918404,12620734
2020-09-12,265805237,14373408,21170667.76,144.7627918,35836.08957,21969.32293,16037267.19,856.2118294,18.329935,9289330
2020-09-13,279429178,12846848,21456785.79,123.8928211,32241.70688,19636.02176,16811068.88,900.0972682,18.18145,9197071
2020-09-14,292516285,13080256,21742903.83,120.6488285,32868.00078,19992.77889,17599901.63,942.2534572,18.128639,9357731
2020-09-15,304906961,11985056,22029021.86,106.7114946,30302.51481,18318.79854,18327162.66,982.1663028,17.911659,9374042
2020-09-16,316691714,11650336,22315139.89,100.2192719,29558.88677,17807.18907,19036576.59,1020.127349,18.02022,8725364
2020-09-17,329044193,13157152,22601257.92,108.4603129,33237.25996,20110.31212,19834271.57,1059.917154,18.568575,9442269
2020-09-18,342387234,13806400,22887375.96,109.3311221,34862.73857,21102.66821,20670978.07,1102.897758,18.906687,8882176
2020-09-19,356456000,13915616,23173493.99,106.0197865,35195.97372,21269.60159,21515682.22,1148.216067,18.139364,7207981
2020-09-20,369501711,12163008,23459612.02,90.24684095,31056.21985,18590.79284,22261032.18,1190.238911,16.745331,6940381
2020-09-21,382386300,13514912,23745730.05,96.49854039,34365.54206,20657.13754,23085805.94,1231.74275,15.709917,8554981
2020-09-22,395864521,14000288,24031848.09,96.55716651,35598.46102,21399.0202,23940169.79,1275.158795,16.351149,7167104
2020-09-23,409845484,13530528,24317966.12,90.49524189,34541.88464,20681.00613,24769175.78,1320.194273,16.112314,8097062
2020-09-24,423384187,13591264,24604084.15,88.14471876,34756.10175,20773.83929,25603322.99,1363.805143,16.590204,8848886
2020-09-25,436700057,13132032,24890202.19,82.91298499,33721.42582,20071.91695,26412637.94,1406.698224,16.349289,8632239
2020-09-26,449566170,12802272,25176320.22,78.80551372,32995.16903,19567.88868,27204522.72,1448.142547,16.221144,8505810
2020-09-27,462861672,13481024,25462438.25,80.47631315,34691.20791,20605.34075,28037112.46,1490.970018,15.173901,8759600
2020-09-28,476564953,14081792,25748556.28,81.56660468,36202.171,21523.59662,28905965.35,1535.111027,17.763321,17132372
2020-09-29,490906709,14726176,26034674.32,82.72451595,37821.02827,22508.51823,29813670.86,1581.308691,21.540382,16078227
2020-09-30,506323016,16208128,26320792.35,87.91268199,41455.23001,24773.6374,30808597.29,1630.967699,22.186716,14750775
2020-10-01,523302758,17270400,26614909.31,90.46680297,44090.23328,26397.28829,31866763.85,1685.662844,21.758898,15845294
2020-10-02,540054934,16409824,26901026.26,83.72312573,42109.83137,25081.92369,32877400.73,1739.624953,20.70903,17809501
2020-10-03,556692019,16731264,27187143.22,82.87108286,42965.32873,25573.23509,33908569.55,1793.216332,20.316441,11834165
2020-10-04,573316123,16328704,27473260.18,78.81635014,42083.37915,24957.9342,34918571.57,1846.765895,21.564394,13751247
2020-10-05,589462897,16063840,27759377.14,75.64835988,41529.44439,24553.09752,35915279.13,1898.777884,20.777245,13939732
2020-10-06,604849072,15066048,28045494.09,69.61155576,39212.85728,23028.00239,36856388.55,1948.339831,19.470373,12446092
2020-10-07,620513758,15891296,28331611.05,71.41812279,41272.42394,24289.3692,37846927.62,1998.798917,19.500299,14696171
2020-10-08,637046450,16793440,28617728.01,73.35449185,43520.90752,25668.26924,38891430.34,2052.054025,20.234339,14326140
2020-10-09,653366103,16827360,28903844.97,71.79166143,43684.83839,25720.11494,39939867.4,2104.622891,22.22176,18017452
2020-10-10,670565091,16985568,29189961.92,70.69750652,44151.46997,25961.93112,40999503.64,2160.024271,26.134886,14383633
2020-10-11,687092040,15725664,29476078.88,64.40285004,41211.66246,24036.20565,41988584.42,2213.260879,26.476744,22896861
2020-10-12,700167777,11251744,29762195.84,46.83725526,30541.73374,17197.95315,42721586.66,2255.380443,27.37142,20190714
2020-10-13,713290777,14750240,30048312.8,58.71324809,39003.43399,22545.29933,43657669.9,2297.652251,33.309551,26861144
2020-10-14,728089175,14635936,30334429.75,57.22575779,38803.97862,22370.5891,44588966.21,2345.320851,30.216923,31721719
2020-10-15,740427140,8998752,30620546.71,36.74550427,25338.83661,13754.32247,45197098.79,2385.063903,59.259228,155585295
2020-10-16,747254940,5496512,30906663.67,24.38308051,16969.04876,8401.253697,45604356.27,2407.057613,44.040546,298888285
2020-10-17,752852822,6105600,31192780.63,26.32677297,18458.98603,9332.226432,46047372.27,2425.08951,41.978329,146392993
2020-10-18,759075393,6242240,31478897.59,26.61929197,18818.35006,9541.076573,46499013.03,2445.133656,32.441029,113244527
2020-10-19,764893562,5329792,31765014.54,23.38440237,16658.17464,8146.427178,46898809.52,2463.875142,33.882938,165602768
2020-10-20,771021770,7059360,32051131.5,29.02169428,20839.60743,10790.01998,47398960.49,2483.615326,31.051367,159278253
2020-10-21,778385567,7564192,32337248.46,30.46963422,22088.29253,11561.64055,47929079.93,2507.335588,26.82373,121870445
2020-10-22,785860588,7453472,32623365.42,29.8684366,21860.40128,11392.40835,48453729.98,2531.414126,23.770475,131813182
2020-10-23,793812131,8501952,32909482.37,33.02693045,24416.64975,12994.97857,49039730.05,2557.027636,24.497433,152750723
2020-10-24,802789656,9597216,33195599.33,36.23370866,27090.35436,14669.05674,49689899.1,2585.94604,25.737793,209835957
2020-10-25,813196776,11368576,33481716.29,41.45213778,31393.715,17376.52736,50443348.89,2619.469455,38.494858,362525482
2020-10-26,825357775,12541792,33767833.25,44.58400567,34270.58059,19169.75282,51265843.53,2658.642465,33.72261,328497595
2020-10-27,838198387,13054400,34053950.2,45.55997494,35565.62356,19953.25877,52119419.23,2700.004644,35.245758,281520832
2020-10-28,851544351,13896832,34340067.16,47.48011823,37654.70019,21240.89081,53023132.81,2742.994663,33.615265,216184588
2020-10-29,865789495,14203936,34626184.12,47.70222126,38463.69875,21710.29006,53946262.38,2788.881121,32.643192,185711692
2020-10-30,880083015,14495808,34912301.08,47.87020315,39236.38977,22156.40765,54887936.54,2834.923408,29.268766,209568228
2020-10-31,894641666,15098784,35198418.03,48.91620047,40756.97724,23078.03838,55866104.84,2881.819735,31.146847,181778860
2020-11-01,909785861,14714496,35484769.4,47.10397381,39911.39063,22490.6657,56823979.04,2930.602215,31.591875,141046706
2020-11-02,924420563,14379552,35771120.77,45.51063142,39181.63806,21978.71385,57764339.16,2977.743518,29.743048,219772147
2020-11-03,938462513,14025920,36057472.13,43.93998244,38404.04222,21438.19794,58686036.96,3022.975447,28.788294,259968420
2020-11-04,953344992,15973088,36343823.5,48.60152824,43151.9221,24414.38582,59721683.99,3070.914888,28.857746,193294321
2020-11-05,969635911,15816064,36630174.86,47.45893735,42857.49975,24174.37934,60750264.87,3123.391197,29.346533,114425034
2020-11-06,985090454,16313312,36916526.23,48.10020067,44128.90274,24934.40799,61809359.45,3173.17337,31.754433,222704034
2020-11-07,1001994330,16519328,37202877.6,47.910124,44708.7666,25249.29727,62882370.77,3227.624136,29.940458,250025476
2020-11-08,1018349276,16420448,37489228.96,46.97769704,44554.19608,25098.16215,63951672.4,3280.306688,30.691877,158935676
2020-11-09,1035056252,17474112,37775580.33,48.93005172,47167.16329,26708.65597,65083685.3,3334.123199,31.19936,120973317
2020-11-10,1053428805,18311296,38061931.69,50.21911099,49269.0672,27988.2666,66266143.94,3393.304867,30.370979,166251727
2020-11-11,1070566715,17669120,38348283.06,47.95651994,47814.71008,27006.71985,67413697.97,3448.509502,30.097725,136605538
2020-11-12,1089341169,18540768,38634634.43,49.28533131,50001.3497,28339.00766,68613731.4,3508.985774,29.517569,127621327
2020-11-13,1107582523,18381056,38920985.79,48.19150804,49710.34086,28094.89266,69806780.61,3567.744823,29.223934,106895368
2020-11-14,1125461478,17318080,39207337.16,45.07860658,47249.93853,26470.16574,70940780.11,3625.336513,29.353889,113754591
2020-11-15,1142648464,17224224,39493688.52,44.27059697,47111.63196,26326.70966,72071460.24,3680.699232,27.825686,120001960
2020-11-16,1160565899,18010880,39780039.89,45.41747017,49089.98227,27529.08975,73249620.82,3738.414874,27.535135,124016435
2020-11-17,1178394433,18026304,40066391.26,44.84620834,49217.15917,27552.66487,74430833.65,3795.844148,29.247807,156328455
2020-11-18,1196264057,17708384,40352742.62,43.57264386,48544.61897,27066.73369,75595905.5,3853.40578,28.882557,131936788
2020-11-19,1213927208,17624288,40639093.99,42.83915515,48432.14155,26938.19548,76758277.89,3910.302322,28.700035,96975839
2020-11-20,1231287682,16866496,40925445.36,40.7259153,46701.46653,25779.93314,77879114.03,3966.223881,29.099771,124609578
2020-11-21,1248846699,18635008,41211796.72,43.87849544,51034.16199,28483.05068,79103934.96,4022.784987,29.902411,172080145
2020-11-22,1266836356,17101664,41498148.09,40.21379847,47445.57842,26139.38037,80242629.8,4080.73327,29.709885,131925461
2020-11-23,1284027671,16683456,41784499.45,38.90887826,46528.94692,25500.16199,81359325.46,4136.109934,29.206049,113525150
2020-11-24,1297315436,9872992,42070850.82,25.03940673,30253.09077,15090.57208,82085400.19,4178.912482,30.162628,196683760
2020-11-25,1310086363,16991488,42357202.19,38.84879245,47399.91687,25970.97966,83222999.15,4220.050192,30.973227,377442086
2020-11-26,1328973039,20067456,42643553.55,44.33765143,54876.82611,30672.50447,84540044.1,4280.887953,29.928549,270925520
2020-11-27,1348659717,18745920,42929904.92,41.24487588,51805.10007,28652.57634,85783367.56,4344.30268,29.921663,137123750
2020-11-28,1366491379,17534240,43216256.28,38.49277844,48987.61389,26800.55981,86959071.27,4401.74203,29.986433,110505099
2020-11-29,1384969238,18926432,43502607.65,40.64176085,52421.90189,28928.48352,88217197.98,4461.262909,30.012173,97053742
2020-11-30,1403479034,18285216,43788959.02,39.00016059,50976.7865,27948.4041,89440641.88,4520.886664,30.37175,143409253
2020-12-01,1421649836,18492352,44075205.01,38.94650844,51565.74523,28265.00526,90678220.8,4579.418452,30.226955,178485785
2020-12-02,1440496644,18302016,44361451,38.16753717,51204.30999,27974.0824,91907125.27,4640.12779,30.605064,136396725
2020-12-03,1458245323,17670208,44647696.99,36.6527056,49777.92177,27008.38282,93101796.38,4697.299834,30.502073,116439920
2020-12-04,1478033809,21141312,44933942.98,42.28586171,58207.59874,32313.86115,94498779.93,4761.042506,29.122169,140952119
2020-12-05,1497076549,17833568,45220188.97,36.12401856,50366.31696,27258.07368,95707572.54,4822.38298,29.878197,111381414
2020-12-06,1515228049,18521504,45506434.96,36.92616573,52108.95282,28309.56322,96958188.45,4880.852591,29.360336,111233423
2020-12-07,1533742375,18544096,45792680.94,36.58392152,52256.799,28344.09441,98212352.66,4940.490938,30.49172,232541218
2020-12-08,1552237708,18340896,46078926.93,35.87541236,51862.71654,28033.50931,99457058.89,5000.068105,29.977901,180953602
2020-12-09,1570659590,18694240,46365172.92,36.09798646,52803.80008,28573.58501,100724351.1,5059.408671,30.498098,251786320
2020-12-10,1590008757,19658176,46651418.91,37.28687029,55214.80951,30046.93227,102049507.7,5121.736208,30.606852,345738743
2020-12-11,1609229824,18549344,46937664.9,35.13093368,52651.15408,28352.11582,103313136.4,5183.651109,30.012934,296349090
2020-12-12,1627655644,18741600,47223910.89,35.09905809,53205.69501,28645.97335,104590074.1,5243.00436,30.068363,185606985
2020-12-13,1646352842,18516960,47510156.88,34.41053971,52761.18391,28302.61785,105856343.6,5303.231775,30.087234,201700286
2020-12-14,1664508157,18174016,47796402.87,33.56356543,52030.0385,27778.43824,107105065.5,5361.713675,29.442978,230496134
2020-12-15,1682885969,18279488,48082648.86,33.41782512,52376.08125,27939.64902,108362092.5,5420.912283,29.191568,233119953
2020-12-16,1700972301,18033312,48368894.85,32.74732389,51876.80094,27563.37639,109607136.7,5479.171976,28.56122,289096533
2020-12-17,1718965254,18130976,48655140.84,32.60778129,52202.16051,27712.65289,110859989.6,5537.130876,28.563356,346224103
2020-12-18,1737064266,17880064,48941386.83,31.95242213,51691.57935,27329.14142,112100588.5,5595.431414,28.489697,190473377
2020-12-19,1753011736,13559616,49227632.82,25.36075472,41404.46024,20725.46627,113094296.3,5646.801404,28.299299,212143039
2020-12-20,1767816508,17884256,49513878.81,31.49716226,51857.16171,27335.54877,114338869.2,5694.490536,28.348827,199569773
2020-12-21,1786123540,17376384,49800124.8,30.4973323,50731.0062,26559.28165,115556414.3,5753.461147,25.221773,303816853
2020-12-22,1803976702,17850464,50086370.79,30.92639206,51958.94349,27283.89871,116803430,5810.969752,24.674934,346795531
2020-12-23,1821310090,17625696,50372616.78,30.36575996,51507.22805,26940.34757,118039604.4,5866.804062,22.332573,242924534
2020-12-24,1839201515,17753088,50658862.77,30.3016631,51903.41239,27135.06242,119285287.3,5924.43592,23.753868,248621985
2020-12-25,1857392642,18343936,50945108.76,30.87772462,53413.26679,28038.15586,120567206.8,5983.033178,24.356476,269726372
2020-12-26,1875329422,17985472,51231354.75,30.14180871,52643.77287,27490.25439,121830658.3,6040.811134,23.564009,130688584
2020-12-27,1893725496,18517728,51517600.74,30.62595721,54014.06065,28303.79172,123126996.8,6100.068568,22.268867,201119219
2020-12-28,1911663569,17677408,51803846.73,29.25689905,52088.26444,27019.38781,124377116.1,6157.850688,22.013369,165104609
2020-12-29,1929856846,18506112,52090092.72,30.13872597,54168.91225,28286.03701,125677171.1,6216.454872,20.437702,227519524
2020-12-30,1948283209,18208704,52376338.71,29.5117093,53548.41025,27831.4578,126962333.9,6275.809873,21.641243,231979518
2020-12-31,1966270333,17913440,52662584.7,28.90449343,52930.83184,27380.15564,128232674.9,6333.749997,24.353868,385327102
2021-01-01,1984233164,18242560,55599815.12,29.11936968,53811.46356,27883.20568,129524151.1,6391.611868,22.29101,348030664
2021-01-02,2003116721,18964896,58537045.53,29.82520769,55640.35125,28987.27459,130859520.5,6452.439582,21.808891,243646888
2021-01-03,2021526214,18193920,61474275.95,28.62035597,53883.34379,27808.8609,132152721.8,6511.740241,21.426378,272432560
2021-01-04,2039834225,18607808,65391643.12,28.93502943,54969.13877,28441.47629,133471982.2,6570.714006,21.467407,312309245
2021-01-05,2058462939,18439936,69309010.29,28.51218343,54660.50738,28184.88898,134783835.4,6630.720819,21.632771,213135095
2021-01-06,2076833910,18281344,73226377.46,28.11124855,54372.84171,27942.48586,136088784.6,6689.897391,21.969751,201738931
2021-01-07,2095088032,17979488,77143744.63,27.54239351,53740.79478,27481.10802,137378564.7,6748.697569,22.107826,225642789
2021-01-08,2112947090,18090592,81061111.8,27.49098387,54097.72914,27650.92715,138676911.2,6806.225166,21.662432,154943100
2021-01-09,2131213172,18358144,84978478.97,27.62537948,54832.14988,28059.87236,139992883.9,6865.06387,22.114525,149399606
2021-01-10,2150012480,18923392,88895846.14,28.10872363,56283.64776,28923.83697,141343692.5,6925.620201,23.497114,452076685
2021-01-11,2168704435,18971296,92813213.31,27.97017387,56493.13341,28997.0568,142699528.7,6985.830726,21.613977,354889532
2021-01-12,2187834439,19144896,96730580.48,27.97754098,57006.46683,29262.39919,144067685,7047.452295,21.034431,182775071
2021-01-13,2206939507,18912768,100647947.7,27.51133783,56546.04951,28907.5985,145424791.2,7108.99354,21.687958,154682913
2021-01-14,2225976863,19344416,104565314.8,27.82214171,57678.15163,29567.35952,146809068,7170.316671,21.560232,137668105
2021-01-15,2245313183,19142336,108482682,27.3974045,57291.00994,29258.48631,148184053.3,7232.602825,21.527254,182172131
2021-01-16,2265146129,20634656,112400049.2,28.90261478,60972.42795,31539.45266,149647392.7,7296.488711,22.849653,406855509
2021-01-17,2285246578,19124320,116317416.3,26.99322694,57449.7315,29230.94939,151026187.3,7361.236277,24.351658,712570771
2021-01-18,2304649891,20190016,120234783.5,28.00315828,60105.20802,30859.83376,152468713.5,7423.738229,23.729397,351317651
2021-01-19,2325004826,20307968,124152150.7,27.93625562,60491.19787,31040.11985,153920503.3,7489.305546,22.736326,324184872
2021-01-20,2344871058,19759968,128069517.8,27.14341131,59276.6326,30202.51829,155343143.6,7553.298652,22.374847,301437883
2021-01-21,2364823282,20399872,131986885,27.65743956,60913.11295,31180.59236,156805059.5,7617.568756,21.293459,229588791
2021-01-22,2386346249,21970240,135904252.2,29.15257145,64790.36949,33580.85273,158360029.6,7686.898537,22.306198,435403380
2021-01-23,2408157430,21921952,139821619.4,28.88604646,64784.79822,33507.04597,159914866,7757.156714,22.707294,332639527
2021-01-24,2430146342,22041920,143738986.5,28.80100965,65183.88935,33690.41346,161479280.6,7827.987397,22.759356,241523529
2021-01-25,2452413803,22583136,147656353.7,29.15744185,66595.25712,34517.64588,163077568,7899.715342,22.437037,196122208
2021-01-26,2475029803,22533312,151573720.9,28.88876055,66590.07011,34441.49139,164675730.9,7972.566001,22.19121,178373502
2021-01-27,2497778805,23312256,155491088,29.47864957,68574.34855,35632.08393,166321516.6,8045.845087,21.462456,229177546
2021-01-28,2521040737,22655232,159408455.2,28.58523369,67115.33164,34627.84246,167932285.8,8120.776422,21.947098,155498148
2021-01-29,2543866087,23326944,163325822.4,29.05784088,68842.67179,35654.5341,169584511.3,8194.301439,22.275328,280008127
2021-01-30,2567411706,23625408,167243189.6,29.14069165,69677.97211,36110.72737,171256783.9,8270.146587,22.059891,162578510
2021-01-31,2590892716,23313088,171168821.9,28.61520208,69047.24859,35633.35562,172913919.2,8345.783617,22.27236,178044146
2021-02-01,2614566367,23868256,175249587.7,28.95239135,70499.20845,36481.91325,174605901.5,8422.041181,22.609543,443348505
2021-02-02,2637973707,23703936,179330353.5,28.58317325,70223.26766,36230.75506,176291261.3,8497.440905,22.543348,175058405
2021-02-03,2661709198,23395456,183411119.3,28.07808666,69603.04597,35759.25263,177961735.7,8573.897669,23.035694,193594344
2021-02-04,2685208003,23656896,187491885.1,28.13076157,70349.26312,36158.85583,179650119.3,8649.592019,22.882219,209636144
2021-02-05,2709189215,24488032,191572650.9,28.72029773,72465.01824,37429.22227,181389281.2,8726.840299,24.519003,491884502
2021-02-06,2733409097,23805056,195653416.6,27.87012232,70948.56898,36385.31394,183092048.1,8804.857383,24.278181,378556668
2021-02-07,2757722669,24257728,199734182.4,28.09523044,72157.80567,37077.20952,184823836.8,8883.176261,24.080338,272418316
2021-02-08,2781971691,24614400,203814948.2,28.22801995,73136.34491,37622.37197,186579110.5,8961.287211,27.655272,715775677
2021-02-09,2806539776,24560896,207895714,27.97932946,73132.19926,37540.59271,188334284.7,9040.425926,43.764973,3403223723
2021-02-10,2831197681,24483616,211976479.8,27.71260918,73071.45263,37422.47255,190088000.9,9119.85397,39.909206,2802540130
2021-02-11,2855405434,23955040,216057245.6,27.04672645,71925.4554,36614.55999,191814213.2,9197.831984,40.253323,1269328890
2021-02-12,2879563135,24328096,220138011.4,27.19919118,72942.84945,37184.76489,193564842.9,9275.64877,42.785889,1336951368
2021-02-13,2903820387,24348640,224218777.2,27.03557201,73114.82466,37216.16578,195319600.1,9353.786231,41.695164,1228889960
2021-02-14,2928028277,24133248,228299542.9,26.66740237,72720.3751,36886.94557,197064890.4,9431.764686,47.475773,2295182847
2021-02-15,2952677770,24949088,232380308.7,27.20205373,74802.80412,38133.93254,198860159.1,9511.165633,42.972301,2061387407
2021-02-16,2977485794,24993376,236461074.5,27.05897956,75034.54317,38201.62541,200660989.6,9591.07724,41.955551,1059200255
2021-02-17,3002358489,24785088,240541840.3,26.70104358,74660.50317,37883.26346,202452843,9671.197165,43.240036,841212350
2021-02-18,3027064593,24217408,244622606.1,26.04422399,73423.18845,37015.58161,204215000.9,9750.780467,43.432198,667645165
2021-02-19,3051030833,24407072,248703371.9,26.04247332,73999.52884,37305.47734,205990991,9827.980519,43.141293,828571188
2021-02-20,3076333327,25614176,252784137.7,26.88397845,77024.17567,39150.49959,207839572.6,9909.484913,43.265217,1610180337
2021-02-21,3101938824,25611968,256864903.5,26.70505053,77148.37141,39147.12473,209691135,9991.96534,44.788364,871412632
2021-02-22,3127642716,25986912,260945669.3,26.83909899,78178.11562,39720.21538,211567411.2,10074.76272,39.474373,1511820237
2021-02-23,3153864806,26196928,265026435,26.83267936,78814.70313,40041.21854,213458965.5,10159.22931,35.442047,1403444827
2021-02-24,3179829791,26088864,269107200.8,26.57035137,78686.69448,39876.04596,215347447.7,10242.86772,36.671761,1029434272
2021-02-25,3206040129,26333792,273187966.6,26.59437014,79407.00081,40250.41106,217253217.2,10327.29646,34.910561,795545380
2021-02-26,3233231040,27327200,277268732.4,27.20805907,81928.39206,41768.80538,219219500.1,10414.88383,35.106033,838042220
2021-02-27,3259764868,26438304,281349498.2,26.32817085,79929.4993,40410.15451,221137809.6,10500.35459,38.028404,878926954
2021-02-28,3286261353,26042464,285442529.2,25.84930881,79113.60313,39805.12495,223036537.5,10585.70507,35.991943,768904061
2021-03-01,3311817075,25982432,289519509.2,25.64503833,79098.78701,39713.36784,224934909.9,10668.02516,38.432846,789024899
2021-03-02,3338024049,25909152,293596489.3,25.42976528,79055.47326,39601.36156,226832242.7,10752.44307,38.186371,691279882
2021-03-03,3363650787,24820512,297673469.4,24.44346373,76572.66783,37937.40798,228669988.1,10834.99192,42.25827,1502099768
2021-03-04,3391348249,31808416,301968714.7,29.59740394,93481.60032,48618.2096,230913548.3,10924.21098,40.744232,1073737656
2021-03-05,3424160754,32846720,306045694.7,30.14713465,96139.1584,50205.22612,233220889.9,11029.90662,40.551811,764912784
2021-03-06,3456853564,32308672,310122674.8,29.51232902,95013.34257,49382.83589,235501212,11135.2167,40.485287,556059908
2021-03-07,3488956925,32390784,314199654.9,29.35138053,95372.74238,49508.34162,237790159.6,11238.62805,41.532177,507418012
2021-03-08,3521418356,32498432,318276635,29.20963557,95795.23173,49672.87836,240089247,11343.19281,41.543385,525639115
2021-03-09,3553551262,32182976,322353615,28.76587571,95200.73786,49190.71333,242374066.5,11446.69933,41.97176,579999439
2021-03-10,3586193762,32343232,326430595.1,28.66861112,95750.38624,49435.65982,244672077.6,11551.84735,42.632648,799915938
2021-03-11,3618549035,32391520,330507575.2,28.4952093,96029.89266,49509.46657,246976796.8,11656.07015,42.244408,625698261
2021-03-12,3650925883,32737728,334584555.3,28.53500391,97024.42619,50038.63512,249305384.9,11760.36245,44.132339,983852692
2021-03-13,3683991959,33086464,338661535.3,28.57153713,98028.51177,50571.66763,251658071,11866.8749,49.669102,1670579730
2021-03-14,3717038804,32676128,342738515.4,28.0813506,97210.95661,49944.48136,253991135.8,11973.3254,54.541752,2334194125
2021-03-15,3749055741,32239744,346815495.5,27.58799135,96325.68559,49277.48151,256302954.1,12076.45835,53.606438,1660287262
2021-03-16,3781762592,33220192,350892475.5,28.06437403,98843.87243,50776.06687,258675208.9,12181.81366,63.240593,1975742411
2021-03-17,3815326948,33797504,354969455.6,28.25513973,100398.9913,51658.47094,261084786.5,12289.93116,89.26825,5549644898
2021-03-18,3848957359,33117312,359046435.7,27.60035661,98936.81453,50618.81787,263459271.9,12398.26144,79.687279,4208814291
2021-03-19,3882286571,33867616,363123415.8,27.90800058,100905.8728,51765.63503,265881014.8,12505.6215,83.317841,2281146439
2021-03-20,3916529725,34440192,367200395.8,28.08816548,102453.0595,52640.80027,268339890.1,12615.92555,82.451317,1324962175
2021-03-21,3950712925,33613792,371277375.9,27.35314126,100642.8233,51377.67266,270755319.8,12726.03647,80.999252,1042404616
2021-03-22,3984810967,34765536,375354356,27.91028671,103579.1045,53138.07881,273241220.2,12835.87309,76.779648,1255738210
2021-03-23,4018408004,32124704,379431336.1,26.02899956,97411.81523,49101.64632,275579105.6,12944.09586,82.449516,1922118447
2021-03-24,4049073233,30503328,383508316.1,24.84122293,93676.08542,46623.42175,277827333.4,13042.8747,86.365334,2804586284
2021-03-25,4081578441,34201312,387585296.2,27.02113298,102714.5179,52275.67935,280292483.7,13147.58047,90.843285,2890519323
2021-03-26,4115920247,34001440,391662276.3,26.71586166,102408.5618,51970.181,282750291.1,13258.2023,124.072655,4390559188
2021-03-27,4150626674,35022336,395739256.4,27.171636,105033.924,53530.58991,285271107.2,13369.99864,133.18425,5639110564
2021-03-28,4185483644,34644928,399816236.4,26.75823322,104304.5404,52953.7331,287774418.2,13482.27991,125.447052,3054883925
2021-03-29,4220147973,35214304,403893216.5,26.93068327,105846.1782,53824.00723,290314728.4,13593.94065,127.529121,1957347948
2021-03-30,4255598504,35541376,407970196.6,26.94961107,106810.3356,54323.92697,292878178.5,13708.1339,149.664902,3886877718
2021-03-31,4291564191,36421408,412067441.8,27.29763801,109104.0352,55669.02949,295496677.3,13823.98657,191.356552,8140051708
2021-04-01,4327998115,36371040,415979082,27.08356745,109167.4239,55592.04351,298116697.6,13941.34753,188.178619,12367984683
2021-04-02,4364038624,35491040,419890722.1,26.38516506,107237.9569,54246.98991,300690410.5,14057.44122,171.975632,7810199184
2021-04-03,4400351380,37342880,423802362.2,27.29659744,111865.4573,57077.47179,303375183.6,14174.41187,178.852188,4675398993
2021-04-04,4437221631,36243712,427714002.4,26.47662561,109414.2495,55397.42648,306001127.6,14293.17832,183.776642,4140406184
2021-04-05,4473785274,36771456,431625642.5,26.60856788,110865.5884,56204.06735,308661903.8,14410.95712,176.778198,2821760773
2021-04-06,4509863078,35821728,435537282.6,25.89653058,108768.9838,54752.4366,311272361.4,14527.17095,166.026062,2355666427
2021-04-07,4546124800,36825920,439448922.7,26.30243971,111362.1271,56287.31394,313945054.5,14643.97721,156.494781,4802184132
2021-04-08,4583661292,37724896,443360562.9,26.63686274,113709.2306,57661.37179,316674078.2,14764.88975,154.596664,2208289182
2021-04-09,4621297256,37839072,447272203,26.52781538,114173.5543,57835.88638,319414245.6,14886.12272,172.519867,2959637615
2021-04-10,4658125096,35668224,451183843.1,25.16020344,109150.4237,54517.81034,322033857.8,15004.75256,174.755371,3195299598
2021-04-11,4693381901,33260384,455095483.3,23.69009259,103550.6388,50837.49913,324519075,15118.32178,179.184311,1789587132
2021-04-12,4726261661,35614784,459007123.4,24.84663004,109366.7699,54436.1289,327143879.4,15224.23406,168.178284,2782663231
2021-04-13,4762955618,36160512,462918763.5,24.99227244,110861.9239,55270.25778,329804567.6,15342.43264,163.96521,2034227437
2021-04-14,4799142881,36591360,466830403.6,25.07608946,112078.8383,55928.79602,332494461.8,15458.99905,168.193771,2750656180
2021-04-15,4836290108,37402336,470742043.8,25.3572588,114212.7997,57168.34851,335235571.1,15578.6577,171.222122,1893400609
2021-04-16,4873340378,36632832,474653683.9,24.79890475,112553.5963,55992.18473,337936859.5,15698.00403,183.253845,5127405690
2021-04-17,4910829466,38002496,478565324,25.36969193,116029.9691,58085.67506,340721580.8,15818.76388,182.68866,2558531808
2021-04-18,4947673367,36544928,482476964.2,24.46213417,112718.5763,55857.8261,343426828.7,15937.44545,156.309326,3995571137
2021-04-19,4985580582,38556416,486388604.3,25.35700802,117737.2474,58932.32516,346252524.8,16059.55217,154.857834,2194829249
2021-04-20,5023257386,37221760,490300244.4,24.52294222,114725.0185,56892.34351,349005927.4,16180.91669,153.701645,2182419056
2021-04-21,5061852721,39280352,494211884.5,25.42525874,119860.205,60038.83962,351882574.5,16305.23998,148.277863,1660844474
2021-04-22,5100555917,38752544,498123524.7,25.00690205,118789.3583,59232.10093,354733521.2,16429.91072,145.826233,2004357354
2021-04-23,5139109627,37859488,502035164.8,24.41227533,116841.2707,57867.09162,357537713.9,16554.09993,138.894791,2636435225
2021-04-24,5176954635,37990592,505946804.9,24.33876373,117347.2737,58067.48015,360354050.6,16676.00627,133.53949,1340510563
2021-04-25,5215065624,38754240,509858445.1,24.57788532,119372.5363,59234.69321,363218993.6,16798.76939,133.92662,947130301
2021-04-26,5253853428,38562208,513770085.2,24.3423446,119107.8784,58941.17806,366077584.8,16923.71266,154.290405,1693345369
2021-04-27,5292095543,37261856,517681725.3,23.57255511,116180.8277,56953.62904,368865926.8,17046.89816,152.286957,1201165878
2021-04-28,5327576887,35152800,521593365.4,22.43169381,111299.1697,53730.00022,371537108.8,17161.19067,150.940002,1077547043
2021-04-29,5363841605,37463296,525505005.6,23.42665228,117027.0631,57261.52404,374345760.5,17278.00658,149.798523,939555056
2021-04-30,5401861941,37291136,529431645.7,23.2178673,116806.2107,56998.38264,377149111.6,17400.47768,163.893555,1827451213
2021-05-01,5438882766,37162976,533062361.8,23.03607671,116685.8903,56802.49393,379949575.1,17519.72917,164.376724,1100844275
2021-05-02,5475425155,36154912,536693078,22.44419677,114451.6464,55261.69834,382696416.6,17637.43951,162.581589,1041944826
2021-05-03,5512884283,39072704,540323794.1,23.69233061,121642.9072,59721.45588,385615848.6,17758.10285,160.305832,1034803009
2021-05-04,5551762457,37891648,543954510.3,23.01629797,119005.3476,57916.24722,388471979,17883.33723,140.924927,1731008815
2021-05-05,5589338356,37234336,547585226.4,22.59505317,117618.0293,56911.56555,391294813.8,18004.37671,152.309418,1448763823
2021-05-06,5626422113,37856384,551215942.5,22.76679058,119298.2997,57862.34725,394157975.1,18123.83091,153.511963,2210232709
2021-05-07,5664732334,38388672,554846658.7,22.89166057,120769.3758,58675.93349,397056442.3,18247.23579,150.427643,1156418679
2021-05-08,5703886630,39978272,558477374.8,23.48987756,124781.95,61105.5894,400051211.3,18373.35961,148.015884,997835908
2021-05-09,5743629377,39428864,562108091,23.11844413,123664.5271,60265.83576,403019162.2,18501.37895,146.416107,1060946907
2021-05-10,5783035141,39039072,565738807.1,22.82424257,122928.4302,59670.05038,405969446.7,18628.3128,135.719299,1306838547
2021-05-11,5823016843,41188544,569369523.2,23.65594327,128288.7125,62955.45385,409048378.1,18757.10185,143.126099,1089890299
2021-05-12,5863876459,39994784,573000239.4,23.0043939,125630.6878,61130.8275,412063516.9,18888.71885,126.860405,1247505379
2021-05-13,5903424747,40026528,576630955.5,22.90051602,125906.8707,61179.34725,415085284,19016.1118,117.703171,3823184458
2021-05-14,5943643738,39710784,580261671.7,22.64541973,125352.5794,60696.74202,418093748.1,19145.66521,120.49752,1506617607
2021-05-15,5982846611,38060096,583892387.8,21.82170807,121589.6869,58173.71493,421011902.8,19271.9455,110.35968,1295389301
2021-05-16,6022010718,40889248,587523103.9,22.92562397,128576.861,62497.98889,424097749.7,19398.10092,107.695923,1328009460
2021-05-17,6062013278,39169984,591153820.1,22.07940132,124653.4511,59870.14544,427089434.7,19526.95717,99.48632,1506412463
2021-05-18,6101884638,41109568,594784536.2,22.78964338,129509.5075,62834.7414,430197665.2,19655.3908,100.091484,1203826450
2021-05-19,6143534208,41388896,598415252.4,22.78910941,130390.4441,63261.68587,433327038.2,19789.55239,65.360855,2849056807
2021-05-20,6184913848,41288160,602045968.5,22.63100426,130357.9767,63107.71392,436455632,19922.84449,89.00901,3055089930
2021-05-21,6225394971,39449856,605676684.6,21.75829109,126151.327,60297.9214,439483266,20053.24228,76.721237,2081107862
2021-05-22,6264034244,38746400,609307400.8,21.36821196,124658.6549,59222.71001,442475075.9,20177.70711,72.308556,1365775483
2021-05-23,6303849647,40564896,612938116.9,22.01084482,129223.8537,62002.22659,445576450.7,20305.96048,65.106728,1737007698
2021-05-24,6343847215,39367200,616568833.1,21.41984141,126552.0242,60171.58418,448613701.5,20434.80065,74.780365,1740396248
2021-05-25,6382965385,39401632,620199549.2,21.33574799,126832.4823,60224.21246,451657683.2,20560.8081,71.935547,1467801610
2021-05-26,6423094267,39926144,623830265.3,21.44678728,128294.0958,61025.91332,454736743.8,20690.07125,74.758377,1077954768
2021-05-27,6462137194,39014080,627460981.5,20.98634999,126302.8689,59631.85086,457768014.8,20815.83633,71.175743,771726865
2021-05-28,6501487532,39224608,631091697.6,20.97563231,127007.0783,59953.63659,460816186.9,20942.59164,66.820404,908945043
2021-05-29,6540108138,37915136,634722413.8,20.36793101,124060.0565,57952.14792,463793630.4,21066.99633,68.212379,783841320
2021-05-30,6577793847,37952704,638353129.9,20.29706553,124340.7957,58009.56948,466777811.6,21188.38954,68.422081,651860281
2021-05-31,6615670305,37196768,642010111.2,19.91752869,122718.3296,56854.14398,469723053.6,21310.39719,72.690613,812347345
2021-06-01,6653663236,39870112,645669659.6,20.8700675,129325.6887,60940.27009,472826872.4,21432.78002,69.211021,647880398
2021-06-02,6694832428,40194176,649329208,20.89984499,130311.5487,61435.59219,475954351.8,21565.39422,70.053764,572727004
2021-06-03,6732335235,36497056,652988756.4,19.39867778,121629.2399,55784.65518,478873455.6,21686.19826,89.32058,2389383066
2021-06-04,6770527342,40311680,656648304.8,20.77161203,130976.3334,61615.19353,482016889.8,21809.22267,87.866524,2768259669
2021-06-05,6810405312,39197952,660307853.2,20.26041226,128505.3969,59912.89369,485101021.6,21937.67759,88.244629,1276824025
2021-06-06,6850105439,39531840,663967401.6,20.30005455,129507.4021,60423.23148,488209201.4,22065.55964,87.023476,591943303
2021-06-07,6889900627,40432960,667626950,20.55116533,131871.0734,61800.56637,491374109.5,22193.7479,81.864487,1143664054
2021-06-08,6930038653,39574016,671286498.4,20.14422269,130012.8567,60487.69624,494494420.2,22323.04051,76.222862,1605805894
2021-06-09,6969764475,40167584,674946046.8,20.27979321,131638.1453,61394.94712,497653738,22451.00533,77.572128,1149778485
2021-06-10,7009062050,37816640,678605595.2,19.3322875,126195.329,57801.59974,500682428,22577.59068,73.382317,775008531
2021-06-11,7045965068,36378400,682265143.6,18.73352239,122930.6165,55603.29305,503632764.8,22696.46268,70.816826,549192056
2021-06-12,7082570134,37082144,685924692,18.92079026,124804.5117,56678.94464,506628075.2,22814.37492,69.721138,640431115
2021-06-13,7119804208,36896064,689584240.4,18.78289699,124546.2792,56394.52694,509617187.9,22934.31331,73.185097,469759272
2021-06-14,7157093406,37678400,693243788.8,18.99498029,126612.2313,57590.30405,512655883.6,23054.42928,74.556,502357204
2021-06-15,7195510477,39362848,696903337.2,19.52574522,130848.6837,60164.93228,515796254.2,23178.17835,74.318108,730160957
2021-06-16,7234555462,39065376,700562885.6,19.34372399,130332.3023,59710.25525,518924231.7,23303.95005,69.628685,500558931
2021-06-17,7273581448,38546816,704222434,19.08537271,129285.2805,58917.65185,522027080.6,23429.66056,68.880341,447547524
2021-06-18,7311310791,37280736,707881982.4,18.56871397,126437.879,56982.48655,525061591.7,23551.19432,65.678658,493671224
2021-06-19,7348858408,37870816,711541530.8,18.70847907,128043.7817,57884.40613,528134644.6,23672.1427,64.93502,385465336
2021-06-20,7387208817,38416416,715201079.2,18.82985058,129547.0058,58718.33936,531243774.9,23795.67704,63.315895,607250404
2021-06-21,7425209769,37528064,718860627.6,18.45300247,127607.4109,57360.51998,534306354.9,23918.08571,46.222328,1211512215
2021-06-22,7462455866,37444320,722520176,18.35908869,127594.8147,57232.51979,537368632.5,24038.06284,49.314754,1302930143
2021-06-23,7499560061,37075872,726179724.4,18.16853363,126898.2973,56669.35808,540414193.8,24157.58287,58.006371,1030884577
2021-06-24,7536694980,37158016,729839272.8,18.13385271,127283.2199,56794.91272,543468993.1,24277.20187,57.141617,698643625
2021-06-25,7574522866,38035744,733498821.2,18.36898983,129580.8083,58136.49363,546578934.6,24399.05306,52.157543,704937018
2021-06-26,7612587256,37935200,737158369.6,18.27026205,129532.0355,57982.81514,549687705.6,24521.66607,52.975452,543457519
2021-06-27,7649994156,36695104,740817918,17.78979017,126745.3571,56087.36561,552729596.2,24642.16118,56.127647,515856078
2021-06-28,7686353039,35983712,744477466.4,17.49284926,125222.1084,55000.02428,555734928.9,24759.28041,56.342426,550855065
2021-06-29,7720377803,32166752,748137014.8,16.16578712,116234.6304,49165.91543,558524561.8,24868.88098,64.280266,919971075
2021-06-30,7747598769,22253920,751814828.4,12.83131002,92584.49238,34014.4491,560746590.9,24956.56515,60.372555,944427532
2021-07-01,7775063653,35096960,756702322.3,17.06134946,123542.8062,53644.65045,563711620.2,25045.03504,56.82608,552219219
2021-07-02,7814262119,42108352,761589816.3,19.31492408,140566.2667,64361.35278,567085212.9,25171.30114,57.194809,354599522
2021-07-03,7857642904,43704768,766477310.3,19.76176105,144616.5717,66801.42674,570556013.1,25311.03932,58.858742,352221812
2021-07-04,7900740976,42415168,771364804.3,19.26300815,141739.8805,64830.31183,573957772.6,25449.86683,58.772308,322262854
2021-07-05,7943520670,43820384,776252298.3,19.64432467,145328.3235,66978.14233,577445654.8,25587.66878,56.096802,403080465
2021-07-06,7988574049,47208960,781139792.3,20.65712133,153687.7299,72157.47909,581134163,25732.79473,57.038994,332161267
2021-07-07,8038121749,51270752,786027286.3,21.86528699,163685.3804,78365.80631,585062615,25892.39778,56.416328,248241531
2021-07-08,8091039637,53742432,790914780.3,22.54492276,169884.2865,82143.69504,589139840.9,26062.85688,53.88549,323216760
2021-07-09,8144824276,54304416,795802274.2,22.60969165,171504.8825,83002.67072,593255961.1,26236.10796,55.207897,231960437
2021-07-10,8198930885,53382848,800689768.2,22.20670169,169567.0302,81594.08168,597325572.8,26410.39617,54.264488,175087675
2021-07-11,8251964577,52659616,805577262.2,21.8730552,168099.6984,80488.64327,601359968.5,26581.2283,55.09626,137700134
2021-07-12,8304910819,53159360,810464756.2,21.92327632,169566.6972,81252.48698,605429572.3,26751.77873,52.528614,212758160
2021-07-13,8357719961,52801344,815352250.2,21.70868809,168974.6377,80705.27026,609484966.5,26921.88754,50.941856,248919726
2021-07-14,8411527116,54911072,820239744.2,22.25081855,174309.4657,83929.92622,613668396.8,27095.21115,49.674278,314370355
2021-07-15,8467258090,56506080,825127238.2,22.62548039,178418.8504,86367.8481,617950452.4,27274.73176,47.173065,279721477
2021-07-16,8523020355,54941216,830014732.2,22.03989419,174945.6551,83976.00042,622149151.2,27454.35317,45.8703,218063774
2021-07-17,8577659102,53649440,834902226.1,21.54605383,172122.1066,82001.55956,626280084.7,27630.3555,45.615139,190859197
2021-07-18,8630054244,51658688,839789720.1,20.85383632,167609.8804,78958.75485,630302724.7,27799.13073,46.892002,212367005
2021-07-19,8681847240,51411360,844677214.1,20.68842053,167278.2998,78580.72142,634317406.8,27965.96633,44.647362,212159653
2021-07-20,8733086503,51504352,849564708.1,20.62633358,167760.584,78722.8569,638343663.7,28131.01824,41.262764,323857323
2021-07-21,8784834313,52528000,854452202.1,20.837063,170478.7333,80287.47216,642435156.3,28297.70829,46.171818,466763062
2021-07-22,8838233612,54286816,859339696.1,21.25673386,174969.4158,82975.76965,646634425.3,28469.71811,45.620296,264193100
2021-07-23,8893408576,55879104,864227190.1,21.61987369,179069.4614,85409.53409,650932095.5,28647.44771,47.376389,292789069
2021-07-24,8949547916,55866816,869114684.1,21.51478028,179323.8865,85390.75225,655235871.9,28828.28375,49.526295,553316334
2021-07-25,9004311665,53818464,874002178,20.83080246,174685.4164,82259.90767,659428324.9,29004.68874,49.005375,411540069
2021-07-26,9058360328,54045632,878889672,20.80352962,175503.8904,82607.12714,663640421.3,29178.79029,49.129223,858305859
2021-07-27,9111411915,52842240,883777166,20.37370536,172884.4101,80767.77857,667789650.1,29349.68006,49.637131,398284564
2021-07-28,9165558279,55887072,888664660,21.14139991,180464.9206,85421.71294,672120811.3,29524.09633,49.517242,423560400
2021-07-29,9222331856,56903456,893552154,21.32865102,183191.0552,86975.22539,676517399.9,29706.97537,49.371132,219746908
2021-07-30,9279436167,56805504,898439648,21.20361565,183244.7927,86825.5087,680915278.1,29890.91978,51.307907,311593317
2021-07-31,9335921283,56196832,903359750.7,20.9401922,182069.8251,85895.17181,685284957,30072.86964,52.200218,414724199
2021-08-01,9390493878,53146624,908091794,20.01311037,175026.2364,81233.02039,689485589.7,30248.65888,53.937824,988440853
2021-08-02,9443686863,53448960,912823837.4,20.01346068,176020.7635,81695.13189,693710091,30420.00412,54.483311,393322140
2021-08-03,9497049394,53387840,917555880.8,19.91493703,176143.9635,81601.7118,697937549.1,30591.89551,54.177982,315956132
2021-08-04,9551249043,54777376,922287924.1,20.20759923,179752.5331,83725.57589,702251613,30766.48342,56.454807,444570015
2021-08-05,9606443825,55951264,927019967.5,20.43755645,182848.6454,85519.82849,706639983.6,30944.27685,57.844742,431485997
2021-08-06,9662760448,55712672,931752010.8,20.28646794,182560.9058,85155.14777,711021448.5,31125.68396,64.126648,869700434
2021-08-07,9715756294,52421344,936484054.2,19.33255973,174930.728,80124.45166,715219788.9,31296.39417,69.249519,1246340396
2021-08-08,9770659176,56071328,941216097.6,20.2169908,183967.2464,85703.34271,719635005.9,31473.24734,64.46962,687456584
2021-08-09,9826809265,56580672,945948140.9,20.26605308,185473.485,86481.85973,724086372.7,31654.118,67.768356,729561124
2021-08-10,9884129144,57106016,950680184.3,20.31696727,187024.0348,87284.83228,728574952.8,31838.7568,66.718857,621114680
2021-08-11,9941018863,57221504,955412227.7,20.26170833,187588.8786,87461.35222,733077089.1,32022.00996,71.951958,1096287776
2021-08-12,9999268165,59241216,960144271,20.695758,192730.1605,90548.42142,737702616.2,32209.64261,68.313103,1058638271
2021-08-13,10056918619,55273440,964876314.4,19.59167636,183500.2515,84483.79484,742106625.4,32395.34626,74.523773,723557089
2021-08-14,10110790655,53075232,969608357.7,18.95602553,178497.6626,81123.89986,746390572.3,32568.87886,72.532333,855022864
2021-08-15,10163811085,52694400,974340401.1,18.78892116,177851.9202,80541.80957,750659021.3,32739.66827,73.186211,672827204
2021-08-16,10217005267,55457120,979072444.5,19.41610825,184750.6317,84764.54421,755093039.6,32911.01737,73.489769,950408693
2021-08-17,10274746740,58682368,983804487.8,20.14632466,192782.2675,89694.23902,759719817.3,33097.0142,69.557838,786424262
2021-08-18,10332806032,57676704,988536531.2,19.81285697,190662.6001,88157.11176,764295722.9,33284.03479,67.577591,688364740
2021-08-19,10391008027,58454912,993268574.6,19.92526916,192824.4082,89346.57934,768923512,33471.51506,70.448517,457961552
2021-08-20,10450576472,60106336,998000617.9,20.24981622,197088.5815,91870.73139,773653641.3,33663.39693,73.149849,527730479
2021-08-21,10510535008,60300672,1002732661,20.21291758,197858.1565,92167.76813,778402240.4,33856.53537,78.196701,926971126
2021-08-22,10569595155,57155360,1007464705,19.36355151,190609.0418,87360.2531,782976860.6,34046.77991,77.239769,878396331
2021-08-23,10626373537,57135008,1012196748,19.28416862,190847.3476,87329.14568,787557200.2,34229.67444,79.983803,982898796
2021-08-24,10684611084,59434432,1016928791,19.76317571,196659.7943,90843.74628,792277038.6,34417.26922,74.424599,890252684
2021-08-25,10744077766,59045472,1021660835,19.59056438,196027.1477,90249.23259,796981693.4,34608.8233,76.393562,663545425
2021-08-26,10803533955,60888320,1026392878,19.95215579,200750.1131,93065.97047,801799699.6,34800.34358,72.440079,745644637
2021-08-27,10866340810,63561440,1031124921,20.5020772,207482.4256,97151.7542,806779281.3,35002.65702,75.150642,625776666
2021-08-28,10929067713,62429120,1035856965,20.14861519,205082.4274,95421.03705,811701263.1,35204.71292,73.950935,383214018
2021-08-29,10991245894,60983936,1040589008,19.72656065,201928.8752,93212.11666,816547559.5,35405.00127,73.672806,480460797
2021-08-30,11052584212,63170976,1045321052,20.15707862,207487.3157,96554.94169,821527258.6,35602.58426,71.132118,418788170
2021-08-31,11115641251,62270496,1050084704,19.86480043,205645.3331,95178.58502,826462750.1,35805.7036,75.947006,967841990
2021-09-01,11177513349,61647744,1053253050,19.64134146,204463.8212,94226.72727,831369885.3,36005.006,78.735229,763066232
2021-09-02,11240304958,63840192,1056421397,20.06453682,210042.5891,97577.81827,836410911,36207.27033,77.444252,558559234
2021-09-03,11305047476,65612768,1059589744,20.38473503,214623.6573,100287.1475,841561882.5,36415.81893,77.744698,575359806
2021-09-04,11369471220,62892832,1062758090,19.68357969,208422.4418,96129.80693,846564024.6,36623.34069,94.900063,2157334695
2021-09-05,11431999520,61474848,1065926437,19.28602058,205335.9319,93962.46092,851492090.4,36824.75685,113.604744,3834940578
2021-09-06,11492255763,59825184,1069094783,18.84350387,201681.9696,91440.99899,856332461,37018.85426,106.24044,2907164979
2021-09-07,11550792646,57704640,1072263130,18.30249473,196889.3423,88199.8111,861057808.5,37207.41327,83.971397,4657342604
2021-09-08,11610223240,61703488,1075431477,19.12406796,206785.9268,94311.9303,866020674.2,37398.8511,88.206604,3515736524
2021-09-09,11673153017,63939616,1078599823,19.54383301,212470.2122,97729.78487,871119962.8,37601.5605,88.571609,2036642823
2021-09-10,11738170303,66155072,1081768170,19.9519749,218115.4482,101116.0429,876354737.3,37810.99418,82.488327,1740077077
2021-09-11,11804744344,65905152,1084936517,19.81552722,217852.3995,100734.0477,881583198.6,38025.44248,81.744705,1100689745
2021-09-12,11868824255,62172736,1088104863,18.92757394,209219.799,95029.16179,886604477.3,38231.85669,83.781456,1069499638
2021-09-13,11931328396,63178496,1091273210,19.074067,211949.4204,96566.43578,891691266.9,38433.19503,78.252686,1419678092
2021-09-14,11994141941,63515552,1094441557,19.07502237,213075.9189,97081.61577,896805092.5,38635.53002,80.841232,771272601
2021-09-15,12058685471,64949888,1097609903,19.3084729,216844.3069,99273.95531,902009359.5,38843.43764,86.353867,1516687463
2021-09-16,12123705613,65042752,1100778250,19.25377943,217395.9778,99415.89515,907226866.6,39052.88052,84.733452,1650376976
2021-09-17,12188701074,64718304,1103946597,19.11147881,216946.1011,98919.98611,912433576.7,39262.2439,85.703537,1021410145
2021-09-18,12252884691,63494592,1107114943,18.78247892,214334.1568,97049.57903,917577600,39468.99217,84.357841,780146355
2021-09-19,12316493913,63532576,1110283290,18.72146681,214746.9968,97107.63644,922731531.5,39673.89019,83.519791,533405612
2021-09-20,12379415795,62653024,1113451637,18.47084001,212954.5516,95763.26759,927842444.2,39876.57416,74.071091,1784120954
2021-09-21,12441691730,61785472,1116619983,18.22589744,211187.6359,94437.24039,932910951,40077.1774,69.445244,1371083511
2021-09-22,12503191910,61797824,1119788330,18.16550408,211528.3009,94456.12005,937987633.6,40275.28178,74.583542,919142112
2021-09-23,12565627517,63170976,1122956676,18.38379839,215139.2054,96554.94169,943150978.1,40476.39936,74.838516,826347298
2021-09-24,12628977004,62669184,1126125023,18.21644136,214255.4326,95787.96767,948293112,40680.46073,63.301563,2166418674
2021-09-25,12691065063,61374720,1129293370,17.89107384,211463.107,93809.41828,953368230,40880.45878,60.451473,1176618666
2021-09-26,12750851637,58333440,1132461716,17.21807376,204467.3114,89160.91304,958275448.8,41073.04329,55.733105,2555948336
2021-09-27,12808924036,58086784,1135630063,17.11501305,204169.1002,88783.90674,963175510.4,41260.1061,59.123135,1960946115
2021-09-28,12867059220,58546944,1138798410,17.15436752,205567.3513,89487.2475,968109130.1,41447.37116,55.437572,1307039105
2021-09-29,12926568227,60581440,1141966756,17.50593057,210750.481,92596.9136,973167145.1,41639.06157,57.068401,950215363
2021-09-30,12988115387,62077984,1145135103,17.74559992,214652.996,94884.3362,978318820.5,41837.31728,60.012264,1011617258
2021-10-01,13049722764,60530048,1147426328,17.38182078,211249.9832,92518.36247,983388823.4,42035.76697,71.518196,1508537847
2021-10-02,13109009813,58503296,1149717553,16.92939774,206686.2221,89420.53284,988349296.1,42226.74241,69.962685,1517690208
2021-10-03,13167328298,58502592,1152008777,16.87832977,206979.4659,89419.45679,993316806.5,42414.59791,69.079216,961795283
2021-10-04,13226239912,58923104,1154300002,16.9092598,208286.5004,90062.19677,998315685.8,42604.364,69.53907,1124743308
2021-10-05,13284426638,56875584,1156591227,16.46184248,203667.3378,86932.62388,1003203705,42791.79509,70.963654,1032855567
2021-10-06,13339651059,54100064,1158882452,15.88005999,197286.2138,82690.32482,1007938577,42969.68399,71.891983,1430505800
2021-10-07,13391732148,49430240,1161173676,14.94091567,186343.4358,75552.63893,1012410823,43137.4476,71.455704,1163159199
2021-10-08,13440866338,50236064,1163464901,15.06062751,188525.6556,76784.31674,1016935441,43295.71865,79.360229,1900433977
2021-10-09,13492063383,51769120,1165756126,15.31686032,192463.4448,79127.54685,1021554567,43460.63457,76.709297,1005022676
2021-10-10,13543908846,51083360,1168047351,15.14855254,191080.0252,78079.38326,1026140490,43627.63917,69.883102,994754810
2021-10-11,13594388241,50516352,1170338576,15.00499623,189974.666,77212.72854,1030699885,43790.2434,73.247536,1120404289
2021-10-12,13643985094,48317888,1172629800,14.55501301,184949.8419,73852.44227,1035138684,43950.00478,69.774307,1056121688
2021-10-13,13691764455,47844576,1174921025,14.43409805,184055.6699,73128.99908,1039556023,44103.91166,68.278465,1501122446
2021-10-14,13738496065,45162336,1177212250,13.90041696,177855.4392,69029.27571,1043824556,44254.44352,70.281784,924782998
2021-10-15,13783955408,45975936,1179503475,14.02456983,180037.7342,70272.8389,1048145464,44400.87716,67.232613,1041856668
2021-10-16,13830120872,46047200,1181794700,14.00915858,180442.2181,70381.76378,1052476080,44549.58535,66.516518,533355479
2021-10-17,13874997976,43336960,1184085924,13.47810595,174165.4172,66239.24325,1056656052,44694.14348,63.418892,634070585
2021-10-18,13916393180,39873536,1186377149,12.81290512,166063.5932,60945.50357,1060641581,44827.48571,63.392326,586411728
2021-10-19,13956273692,40215648,1188668374,12.85497076,167086.2457,61468.4115,1064651653,44955.94882,62.967365,407047077
2021-10-20,13996422210,40213216,1190959599,12.83322525,167283.4521,61464.69426,1068666458,45085.27522,66.841316,730503870
2021-10-21,14035600564,37988736,1193250824,12.40419072,162143.5082,58064.64331,1072557904,45211.47654,63.603432,746950880
2021-10-22,14073771518,38801856,1195542048,12.53414361,164287.7919,59307.47284,1076500813,45334.43281,65.844147,622414511
2021-10-23,14112966285,39330720,1197833273,12.6109711,165755.1248,60115.8256,1080478939,45460.687,64.856743,361307791
2021-10-24,14152071456,38765152,1200124498,12.48815666,164595.6984,59251.37188,1084429237,45586.65257,62.65847,624235124
2021-10-25,14190321108,37036992,1202415723,12.15533561,160642.0758,56609.93116,1088284649,45709.86235,63.924484,481655636
2021-10-26,14225143004,35085696,1204706947,11.78542721,156135.6591,53627.43377,1092031907,45822.03064,62.827206,587019794
2021-10-27,14262976788,39084768,1206998172,12.49101563,165923.56,59739.89534,1096014075,45943.90083,55.309811,1317941098
2021-10-28,14302127881,38457376,1209289397,12.35865691,164616.0069,58780.94549,1099964861,46070.01433,58.174435,836074537
2021-10-29,14340779257,39117120,1211580622,12.45852175,166394.6642,59789.34441,1103958335,46194.51814,59.851173,630183079
2021-10-30,14379265000,37544128,1213871847,12.15784235,162814.5919,57385.07332,1107865888,46318.48842,60.741985,370765111
2021-10-31,14415559567,34756608,1216163071,11.64265899,156308.938,53124.43263,1111617304,46435.40048,64.410339,1370697316
2021-11-01,14449728869,34500960,1218454296,11.58238161,155868.2639,52733.68233,1115358144,46545.46663,63.927395,589412734
2021-11-02,14484564961,35116160,1220745521,11.67702314,157520.734,53673.99708,1119138644,46657.68065,64.783234,743209926
2021-11-03,14520793934,38217600,1223036746,12.21177549,165146.4733,58414.45507,1123102161,46774.38142,64.055214,726566141
2021-11-04,14559891880,38465248,1225327971,12.23739098,165938.4831,58792.97761,1127084687,46900.32372,62.52943,499573073
2021-11-05,14597427893,36957280,1227619195,11.95370888,162509.6457,56488.09376,1130984921,47021.23473,63.658596,639148531
2021-11-06,14633719845,35560704,1229910420,11.69162609,159341.8239,54353.46924,1134809126,47138.13836,61.931377,775265095
2021-11-07,14667815837,32673760,1232201645,11.16992943,152586.4636,49940.86195,1138471203,47247.96837,62.594185,448991442
2021-11-08,14700706011,33327328,1234492870,11.27164153,154321.1643,50939.82103,1142174913,47353.9142,64.351021,644839238
2021-11-09,14734280655,33912064,1236784094,11.36058648,155894.1506,51833.57246,1145916375,47462.06485,66.751205,1295597969
2021-11-10,14768432914,34132064,1239075319,11.38525591,156594.8018,52169.83586,1149674652,47572.0761,63.600456,1490692538
2021-11-11,14802369046,33890304,1241366544,11.32952001,156186.2755,51800.31295,1153423124,47681.39117,63.03603,592817152
2021-11-12,14836196049,33543296,1243657769,11.25580327,155524.6339,51269.92164,1157155718,47790.35471,62.794655,821030367
2021-11-13,14869341775,32980256,1245948994,11.14525005,154341.1353,50409.33189,1160859907,47897.12373,63.029873,351494223
2021-11-14,14901131850,30130080,1248240218,10.64021429,147662.3454,46052.92338,1164403805,47999.52592,62.564407,361862653
2021-11-15,14930960492,29857312,1250531443,10.58273397,147158.6365,45636.00567,1167935614,48095.60994,60.822262,458987137
2021-11-16,14960514194,29364000,1252822668,10.4875921,146124.2982,44881.99308,1171442598,48190.80832,56.239548,1411856595
2021-11-17,14990583523,31602272,1255113893,10.86217292,151647.544,48303.12468,1175082141,48287.66764,56.160442,741198961
2021-11-18,15023746294,34121120,1257405118,11.28217909,157859.7318,52153.10829,1178870777,48394.49156,51.763981,1530027308
2021-11-19,15057685836,33526816,1259696342,11.16729226,156605.2236,51244.73245,1182629304,48503.81761,53.799706,620639446
2021-11-20,15091560253,34303264,1261987567,11.28698163,158639.7768,52431.50993,1186436660,48612.93389,54.375874,452837513
2021-11-21,15125430773,32982784,1264278792,11.04891936,155642.3165,50413.19586,1190172078,48722.03761,53.286945,364969133
2021-11-22,15156659775,29613632,1266570017,10.46458136,147715.3035,45263.5481,1193717247,48822.63247,51.748146,554416792
2021-11-23,15185254082,27451840,1268861242,10.08828549,142672.2653,41959.31388,1197141383,48914.74045,51.761379,454719200
2021-11-24,15211360697,25004768,1271152466,9.665780935,136932.0603,38219.03774,1200427754,48998.83508,50.70396,455641991
2021-11-25,15237380541,28046048,1273443691,10.17283158,144361.8033,42867.54299,1203892438,49082.6502,50.109303,519501538
2021-11-26,15265307019,27181216,1275734916,10.018179,142427.6999,41545.67322,1207310705,49172.60697,52.481216,1666665605
2021-11-27,15294684657,31013824,1278026141,10.65503613,151773.3723,47403.69957,1210953267,49267.23822,57.807198,1157101737
2021-11-28,15324165986,27953632,1280317365,10.13043357,144578.9315,42726.2879,1214423163,49362.20347,56.495411,861459999
2021-11-29,15352197474,28400448,1282608590,10.19684342,145792.9181,43409.23275,1217922195,49452.4985,54.815617,496433452
2021-11-30,15379749381,26647360,1284899815,9.894599589,141725.3743,40729.69034,1221323605,49541.24871,53.763393,609515724
2021-12-01,15406182597,26319744,1287183761,9.832146629,141072.8752,40228.93911,1224709356,49626.39538,54.385078,510944318
2021-12-02,15432813276,26704928,1289467707,9.88886087,142131.8793,40817.6813,1228120523,49712.17812,53.673012,422122714
2021-12-03,15459282557,26288192,1291751653,9.811767875,141265.7015,40180.71283,1231510901,49797.44097,49.65546,688794541
2021-12-04,15485370740,26047584,1294035599,9.764350816,140820.2503,39812.95072,1234890588,49881.47623,41.074883,2324252197
2021-12-05,15511238525,25618624,1296319546,9.685865994,139921.6966,39157.29823,1238248710,49964.80154,39.081219,773811128
2021-12-06,15537150801,26639232,1298603492,9.848024566,142501.8932,40717.26694,1241668757,50048.27016,38.896427,828638801
2021-12-07,15564110764,27386112,1300887438,9.964018916,144430.5238,41858.85061,1245135092,50135.11359,39.210144,492445549
2021-12-08,15591836153,27893216,1303171384,10.03975927,145787.6354,42633.94386,1248633996,50224.42262,41.420074,929439252
2021-12-09,15619697213,27338336,1305455330,9.94000307,144596.9923,41785.82643,1252104326,50314.16866,37.542099,524289837
2021-12-10,15646922479,27318400,1307739276,9.928873192,144686.8378,41755.35485,1255576811,50401.86669,39.924099,856451380
2021-12-11,15674056321,26816128,1310023222,9.838517004,143618.7603,40987.64716,1259023663,50489.27022,40.378727,498780657
2021-12-12,15700198864,25367616,1312307168,9.59345251,140274.9794,38773.64003,1262390264,50573.48058,39.795551,297282953
2021-12-13,15725834090,26408864,1314591114,9.75727291,142903.3046,40365.15636,1265819945,50656.05677,35.89093,495394672
2021-12-14,15752147793,25805408,1316875060,9.65133438,141588.2684,39442.79197,1269218065,50740.81847,36.509487,435205760
2021-12-15,15778626024,27150304,1319159006,9.863872952,144949.5204,41498.42515,1272696855,50826.11015,38.226669,445219224
2021-12-16,15804829468,25186496,1321442953,9.536363267,140369.4928,38496.80354,1276065724,50910.51668,37.214424,265763054
2021-12-17,15830201640,26242720,1323726899,9.701701911,143032.4255,40111.21024,1279498504,50992.24552,35.692127,491996927
2021-12-18,15856480132,26126048,1326010845,9.675663863,142885.3458,39932.88059,1282927753,51076.8938,36.292023,248634081
2021-12-19,15882816009,26235616,1328294791,9.686399459,143281.4639,40100.35199,1286366510,51161.72693,35.79224,197139067
2021-12-20,15909495523,27457728,1330578737,9.877191765,146349.0894,41968.31352,1289878890,51247.66698,34.783512,375678716
2021-12-21,15937691748,29023648,1332862683,10.12248759,150249.4206,44361.77526,1293484877,51338.49266,35.312775,331316637
2021-12-22,15967325922,29661728,1335146629,10.2167464,151930.4883,45337.0614,1297131211,51433.95026,35.601234,501082251
2021-12-23,15996926784,29877088,1337430575,10.24257781,152596.9872,45666.2327,1300793540,51529.30056,37.352356,490571871
2021-12-24,16027056185,30139168,1339714521,10.27566539,153378.273,46066.81411,1304474620,51626.35338,36.326519,441959796
2021-12-25,16055883008,27510144,1341998467,9.845058783,147215.195,42048.4298,1308007787,51719.21035,36.997223,300906506
2021-12-26,16083235531,27714368,1344282414,9.870268757,147843.6004,42360.58006,1311556035,51807.31829,37.290997,431263383
2021-12-27,16110917296,27084672,1346566360,9.761931137,146472.5148,41398.10861,1315071376,51896.48679,39.149315,898019789
2021-12-28,16137906127,26874688,1348850306,9.721159774,146105.1068,41077.15437,1318577900,51983.42322,36.28783,983939194
2021-12-29,16164571375,26651392,1351134252,9.678487685,145704.1176,40735.85313,1322074801,52069.31731,34.1731,558171118
2021-12-30,16190834718,25649632,1353418198,9.512173549,143433.0174,39204.69302,1325517195,52153.91679,34.972874,469063294
2021-12-31,16215904422,24542976,1355702144,9.330018722,140904.1619,37513.20253,1328898896,52234.67132,34.270481,476459862
2022-01-01,16240127331,24315488,1356034100,9.288108777,140480.7616,37165.49394,1332270436,52312.69816,35.854889,268666137
2022-01-02,16264795809,24876288,1356366055,9.371099082,141951.2677,38022.65992,1335677267,52392.16026,35.792622,299929459
2022-01-03,16289422545,24050816,1356698011,9.234568249,140094.9287,36760.95073,1339039547,52471.4879,35.020367,315339954
2022-01-04,16313101139,23647616,1357029966,9.165360722,139247.1198,36144.67163,1342381479,52547.76139,36.098606,703995869
2022-01-05,16336995584,24330048,1357361922,9.267530263,141005.5915,37187.74847,1345765615,52624.73018,33.258137,898444844
2022-01-06,16361591046,24835648,1357693877,9.341384742,142343.265,37960.5429,1349181855,52703.95708,32.994217,504904313
2022-01-07,16386977153,25408256,1358025833,9.425361458,143845.7359,38835.75705,1352634154,52785.73081,31.459591,642867943
2022-01-08,16412056555,24772992,1358357789,9.319521424,142448.1279,37864.77508,1356052910,52866.51657,29.43952,449785144
2022-01-09,16436755007,25235776,1358689744,9.38622409,143683.5768,38572.12654,1359501317,52946.07523,30.23494,308127435
2022-01-10,16462546801,25761216,1359021700,9.462266129,145074.9105,39375.24582,1362983117,53029.15576,28.169619,564197224
2022-01-11,16488225025,25463360,1359353655,9.409440048,144490.0081,38919.98186,1366450878,53111.87045,28.88755,320288158
2022-01-12,16513786623,26001152,1359685611,9.487192639,145909.8187,39741.9808,1369952715,53194.20947,30.771364,438777978
2022-01-13,16539387870,25096768,1360017566,9.340019714,143869.0431,38359.65698,1373405574,53276.67621,28.467012,452235670
2022-01-14,16564434951,25133760,1360349522,9.339861938,144084.4829,38416.19815,1376863603,53357.35786,29.802885,480560923
2022-01-15,16589977044,25863424,1360681477,9.447169658,145964.6297,39531.46768,1380366755,53439.63405,29.783924,292112222
2022-01-16,16615193599,23622336,1361013433,9.093529088,140714.2228,36106.03191,1383743898,53520.86162,30.413492,329999295
2022-01-17,16637948027,23154720,1361345389,9.016101142,139707.1613,35391.29488,1387096871,53594.15818,29.019115,297877558
2022-01-18,16661529247,23988096,1361677344,9.13990513,141826.2689,36665.08509,1390500703,53670.11801,28.516174,315050911
2022-01-19,16685916061,24237152,1362009300,9.172942822,142547.2591,37045.75972,1393921839,53748.67282,27.63147,295025457
2022-01-20,16709448010,23401376,1362341255,9.038792319,140660.6569,35768.30117,1397297696,53824.47393,26.141457,176456498
2022-01-21,16734163433,25570848,1362673211,9.367508816,145991.7272,39084.27404,1400801499,53904.08725,21.872448,629605217
2022-01-22,16759585788,25656896,1363005166,9.374765611,146326.7845,39215.79583,1404313343,53985.97774,18.959282,771147121
2022-01-23,16785477816,25966816,1363337122,9.416255336,147201.4422,39689.49925,1407846179,54069.38114,19.455969,380994301
2022-01-24,16811662891,26393504,1363669077,9.475443621,148357.7899,40341.67906,1411406767,54153.7285,18.413218,628196823
2022-01-25,16838415381,27084192,1364001033,9.574707446,150150.5274,41397.37495,1415010381,54239.90363,18.14986,331086546
2022-01-26,16865609136,27170720,1364332989,9.581244336,150495.695,41529.6304,1418622280,54327.50015,19.307182,516401618
2022-01-27,16892906909,27444480,1364664944,9.616292866,151290.6888,41948.06435,1422253258,54415.43174,19.221661,383963160
2022-01-28,16920328104,27672256,1364996900,9.644194997,151975.9592,42296.21313,1425900682,54503.76089,19.622816,361035683
2022-01-29,16948256830,28044000,1365328855,9.693767374,153009.276,42864.41268,1429572907,54593.7249,20.220657,354665392
2022-01-30,16976284590,27772064,1365660811,9.6454539,152498.4561,42448.76666,1433232871,54684.00792,19.83703,267276056
2022-01-31,17003432715,26760064,1365992766,9.485367893,150207.2576,40901.95502,1436837847,54771.45746,21.322905,370114373
2022-02-01,17029347569,24681408,1366324722,9.164682085,145350.1699,37724.79169,1440326252,54854.93439,20.914812,252317037
2022-02-02,17053286307,23473536,1366656677,8.976937099,142572.707,35878.59557,1443747998,54932.04585,20.183401,290644986
2022-02-03,17076287537,22621536,1366988633,8.84360075,140644.4882,34576.33913,1447123467,55006.13741,20.316822,263045047
2022-02-04,17098453502,21492672,1367320589,8.669061273,138047.6552,32850.90437,1450436612,55077.53842,21.617502,323109800
2022-02-05,17119908891,21623232,1367652544,8.684652334,138469.4657,33050.46142,1453759881,55146.65052,22.016569,305274139
2022-02-06,17141219475,20764608,1367984500,8.55153855,136516.8012,31738.08039,1457036285,55215.29617,22.44775,265125624
2022-02-07,17162775113,22957728,1368316455,8.876872518,141888.6396,35090.19852,1460441614,55284.73119,24.404755,508292513
2022-02-08,17185683120,22698176,1368648411,8.833363499,141381.6456,34693.48107,1463834775,55358.52247,24.596313,808846212
2022-02-09,17208897021,23513280,1368980366,8.950816832,143455.0482,35939.34308,1467277697,55433.29908,24.269861,400856481
2022-02-10,17231753040,21787712,1369312322,8.688123767,139429.7957,33301.86416,1470624013,55506.92289,23.179502,602985732
2022-02-11,17254727665,24353376,1369644277,9.066917596,145702.8034,37223.40461,1474120882,55580.92875,21.037802,446910427
2022-02-12,17278360122,23101504,1369976233,8.875256602,142818.2048,35309.95582,1477548520,55657.05362,20.850382,400487576
2022-02-13,17301891493,23532288,1370308189,8.934724995,143970.9611,35968.39624,1481003825,55732.85288,20.664286,262055389
2022-02-14,17324247785,21910304,1370640144,8.688962948,140191.7516,33489.24235,1484368428,55804.86697,20.727551,304204997
2022-02-15,17346762711,22610656,1370972100,8.788762305,141986.2492,34559.70938,1487776099,55877.39204,22.342148,340226902
2022-02-16,17369295140,22792096,1371304055,8.811321211,142535.6033,34837.03497,1491196955,55949.9735,23.083826,524724469
2022-02-17,17393266429,24644064,1371636011,9.081013799,147100.9966,37667.7125,1494727380,56027.18982,20.481836,590915625
2022-02-18,17417532610,24182880,1371967966,9.007702416,146117.0153,36962.80659,1498234190,56105.35604,21.160259,469480256
2022-02-19,17441792186,24519040,1372299922,9.052387068,147046.3854,37476.61707,1501763305,56183.50099,20.877937,301801040
2022-02-20,17466101527,24026400,1372631877,8.974669875,145987.1374,36723.63161,1505266997,56261.80624,19.838818,313297097
2022-02-21,17489704261,22883712,1372963833,8.80154101,143364.3972,34977.06728,1508707744,56337.83537,18.600885,436602015
2022-02-22,17512997121,23858432,1373295789,8.940465852,145821.2293,36466.89756,1512207455,56412.86633,19.213531,404892137
2022-02-23,17536776268,23920992,1373627744,8.94489796,146091.6123,36562.51864,1515713655,56489.46371,18.488123,318462126
2022-02-24,17560684614,23077856,1373959700,8.816400599,144189.2519,35273.81056,1519174198,56566.47728,18.426636,603645572
2022-02-25,17583535008,23333216,1374291655,8.849420083,144917.5997,35664.12066,1522652222,56640.08297,18.921919,360960907
2022-02-26,17606303906,21977056,1374623611,8.646526318,141778.3742,33591.27078,1526054904,56713.42614,19.07542,271704874
2022-02-27,17627917466,20897632,1374955566,8.484804423,139297.3886,31941.40358,1529398043,56783.04774,20.347237,663419852
2022-02-28,17646472008,16768800,1375287522,7.878719751,129483.2747,25630.60774,1532505642,56842.81563,21.672407,629782142
2022-03-01,17662936067,17506880,1375619477,7.984108004,131337.7071,26758.74087,1535657748,56895.84966,20.935631,519596247
2022-03-02,17682835660,21403520,1375951433,8.549033203,140789.1039,32714.63821,1539036688,56959.95023,20.683947,466827555
2022-03-03,17706784813,26378976,1376283389,9.268833307,152849.8128,40319.47345,1542705085,57037.09524,20.141827,305478609
2022-03-04,17733786572,27212832,1376615344,9.384144872,154987.3709,41593.99733,1546424783,57124.07331,18.778595,392446296
2022-03-05,17760322176,26056160,1376947300,9.210428108,152345.9056,39826.05888,1550081086,57209.54979,19.108639,218266538
2022-03-06,17786673223,26524608,1377279255,9.272689151,153603.304,40542.06759,1553767567,57294.43179,18.389894,217778084
2022-03-07,17813492970,27305920,1377611211,9.379917876,155613.8519,41736.27954,1557502301,57380.82355,17.887239,363270992
2022-03-08,17840905833,27322048,1377943166,9.376178363,155791.1888,41760.93071,1561241291,57469.12587,18.003202,297059385
2022-03-09,17868205713,27234528,1378275122,9.357528858,155719.2305,41627.15901,1564978554,57557.06424,18.826591,324337121
2022-03-10,17895448122,27204928,1378607077,9.347288352,155785.9721,41581.9163,1568717419,57644.81749,17.884068,299412717
2022-03-11,17922804697,27577920,1378939033,9.39493237,156819.3901,42152.02338,1572481086,57732.93849,17.403709,227299599
2022-03-12,17950169258,27212704,1379270989,9.336463357,156081.3724,41593.80168,1576227040,57821.08521,17.736349,263752702
2022-03-13,17977262534,26913056,1379602944,9.287628179,155499.3261,41135.7987,1579959026,57908.35807,17.265333,178382889
2022-03-14,18004045968,26560448,1379934900,9.231426132,154788.6249,40596.84795,1583673954,57994.63287,17.470867,292326370
2022-03-15,18030726869,26728096,1380266855,9.249758812,155325.8623,40853.09289,1587401776,58080.57739,16.848886,415551228
2022-03-16,18057746012,27748896,1380598811,9.389701511,157912.1174,42413.35507,1591191669,58167.61145,17.42931,334365124
2022-03-17,18086582393,29818784,1380930766,9.67826969,163025.0571,45577.11678,1595104272,58260.4992,17.461836,223498093
2022-03-18,18117279756,31774272,1381262722,9.949183202,167872.8828,48566.02152,1599133223,58359.38155,17.628176,217769474
2022-03-19,18148836213,30800608,1381594677,9.803091204,165695.9733,47077.80531,1603109928,58461.03121,18.193796,317562638
2022-03-20,18179578239,30982720,1381926633,9.821507966,166288.4583,47356.15804,1607100853,58560.05742,17.628698,255030183
2022-03-21,18210464528,30662592,1382258589,9.768764095,165676.4485,46866.85199,1611077089,58659.54834,17.835012,231932814
2022-03-22,18240865878,30424864,1382590544,9.727952383,165259.7214,46503.49188,1615043324,58757.47717,18.295139,329051263
2022-03-23,18272216617,32042176,1382922500,9.948643697,169299.3312,48975.50475,1619106510,58858.46417,19.354261,529603746
2022-03-24,18304369278,32234304,1383254455,9.967752159,169922.9855,49269.16663,1623184663,58962.03432,19.582233,450175960
2022-03-25,18337428781,34132800,1383586411,10.22633598,174645.9937,52170.96082,1627376169,59068.52559,18.854961,319122246
2022-03-26,18371445186,33641920,1383918366,10.14860799,173640.0606,51420.66546,1631543533,59178.09923,19.422392,199632326
2022-03-27,18404788502,32952608,1384250322,10.0435567,172154.5466,50367.07275,1635675243,59285.50472,23.679474,933503332
2022-03-28,18437780978,33384608,1384582277,10.09567306,173358.0684,51027.37179,1639835839,59391.78009,25.081484,2002816389
2022-03-29,18471749662,34415744,1384914233,10.23092843,176004.2726,52603.43223,1644059943,59501.20001,26.436857,1551268383
2022-03-30,18506084039,34187744,1385246189,10.19027655,175630.7802,52254.94107,1648275084,59611.79791,25.859909,878940438
2022-03-31,18540537641,34581792,1385578144,10.2361935,176750.618,52857.23162,1652517101,59722.77985,24.253956,975736592
2022-04-01,18574722935,34043456,1386308419,10.15267138,175631.659,52034.40119,1656732263,59832.89752,25.516237,872252642
2022-04-02,18608827172,33686336,1387038694,10.09456825,174947.1537,51488.55399,1660930996,59942.75409,23.913689,677412178
2022-04-03,18641541495,31983360,1387768968,9.850995343,171025.9714,48885.60626,1665035621,60048.13346,25.449072,571217468
2022-04-04,18672886853,30422688,1388499243,9.628218555,167439.3524,46500.16593,1669054167,60149.10313,25.233622,673509657
2022-04-05,18702666996,29311360,1389229518,9.468427065,164923.1076,44801.53442,1673012324,60245.03093,24.874647,943557078
2022-04-06,18732206086,30044992,1389959792,9.562971842,166832.9903,45922.86892,1677016317,60340.18224,21.664864,763915704
2022-04-07,18762393745,30386176,1390690067,9.603177566,167804.3964,46444.35843,1681043624,60437.42273,22.4604,429962700
2022-04-08,18792504151,30288352,1391420342,9.583078684,167721.9253,46294.83738,1685068952,60534.41437,21.260263,450617568
2022-04-09,18823213777,30577984,1392150617,9.615950287,168572.2619,46737.5312,1689114688,60633.33622,21.71946,245324234
2022-04-10,18853763603,30549984,1392880891,9.605341276,168659.5695,46694.73404,1693162520,60731.74332,21.097212,240735298
2022-04-11,18884025399,29841568,1393611166,9.501989843,167112.6276,45611.94144,1697173224,60829.22262,18.275814,493862997
2022-04-12,18913548976,29202464,1394341441,9.408566634,165728.2802,44635.09015,1701150705,60924.32396,19.47014,396723232
2022-04-13,18942375369,28644448,1395071716,9.326607708,164534.9936,43782.17943,1705099546,61017.17954,19.419378,269761557
2022-04-14,18971581452,29729984,1395801990,9.468043179,167287.6555,45441.38864,1709114452,61111.25817,18.673882,251609038
2022-04-15,19001972786,31035904,1396532265,9.63866713,170575.1666,47437.44819,1713208257,61209.15474,19.071894,193557582
2022-04-16,19033067040,30974752,1397262540,9.623513174,170585.6727,47343.97919,1717302315,61309.31555,21.649694,451995169
2022-04-17,19063751724,30550272,1397992814,9.559391016,169722.2301,46695.17424,1721375650,61408.15705,19.733658,570665636
2022-04-18,19093585750,28976160,1398723089,9.340514632,166095.716,44289.19128,1725361949,61504.25842,19.627514,486494159
2022-04-19,19122963843,30086528,1399453364,9.484119949,168908.8371,45986.35545,1729415763,61598.89113,20.391369,451556393
2022-04-20,19153422854,30652960,1400183639,9.553873672,170422.1427,46852.12977,1733505896,61697.0057,19.629992,416777616
2022-04-21,19183801167,29971296,1400913913,9.455786576,168939.9868,45810.2268,1737560458,61794.86032,18.875776,434012418
2022-04-22,19214256217,31202080,1401644188,9.61445564,172047.5164,47691.44322,1741689600,61892.96213,19.241552,342308621
2022-04-23,19245150317,30365024,1402374463,9.495668642,170195.0751,46412.02823,1745774283,61992.4782,18.940601,270348586
2022-04-24,19274836522,28915040,1403104737,9.295573674,166865.6831,44195.77119,1749779061,62088.1034,18.891369,332837648
2022-04-25,19304372362,30373152,1403835012,9.484281518,170514.0825,46424.45164,1753871401,62183.24425,18.644262,427344286
2022-04-26,19334814659,30528448,1404565287,9.498594008,171040.7014,46661.81691,1757976379,62281.30498,17.277328,333515453
2022-04-27,19365532817,30268256,1405295562,9.457521123,170571.6696,46264.12125,1762070101,62380.25431,17.72123,252016349
2022-04-28,19396044093,31477056,1406025836,9.611768225,173626.7286,48111.73578,1766237144,62478.53723,18.11351,322158020
2022-04-29,19427313174,30574688,1406756111,9.485356242,171619.4547,46732.49337,1770356013,62579.2612,17.309917,302356386
2022-04-30,19457487975,30090496,1407486386,9.414948426,170610.1427,45992.42042,1774450658,62676.46027,14.330068,706324643
2022-05-01,19487674592,30046624,1408216661,9.402975289,170657.5254,45925.36339,1778546440,62773.6974,15.133082,669626751
2022-05-02,19516890574,28832992,1408946935,9.236802292,167892.9288,44070.36328,1782575872,62867.80792,14.628806,389646921
2022-05-03,19545926783,29088640,1409677210,9.26484845,168653.2511,44461.11358,1786623552,62961.33935,14.619692,276394810
2022-05-04,19575206992,29322624,1410407485,9.289911658,169362.8204,44818.75111,1790688261,63055.65676,15.689732,390610295
2022-05-05,19604683318,29729248,1411137759,9.337551324,170487.6653,45440.26369,1794779967,63150.6059,13.982954,590471455
2022-05-06,19635896094,32771392,1411868034,9.730535673,177945.7437,50090.08953,1799050667,63251.1485,13.868735,520761377
2022-05-07,19669019474,33613792,1412598309,9.833648792,180134.7636,51377.67266,1803373903,63357.84553,13.2646,447417603
2022-05-08,19702442334,32994080,1413328584,9.745133881,178816.6709,50430.46146,1807665505,63465.50725,13.092666,495473447
2022-05-09,19735144931,32392736,1414058858,9.659471191,177539.0133,49511.32519,1811926443,63570.84885,11.128685,752190027
2022-05-10,19767411235,32430432,1414789133,9.657481413,177792.6521,49568.9424,1816193468,63674.78507,11.341857,843042538
2022-05-11,19800368805,33165376,1415519408,9.746084688,179722.9715,50692.28225,1820506822,63780.94799,8.546657,936638127
2022-05-12,19833174535,32004320,1416249683,9.588105587,177102.6957,48917.64299,1824757288,63886.62181,8.117062,720450534
2022-05-13,19864560098,31479680,1416979957,9.51348453,176002.4439,48115.74649,1828981349,63987.72099,8.730104,508198239
2022-05-14,19895457459,30097664,1417710232,9.328158708,172842.2798,46003.37649,1833129565,64087.24757,8.81534,342229271
2022-05-15,19925494705,29777728,1418440507,9.280910273,172226.4369,45514.36392,1837263001,64184.00354,9.169947,285057057
2022-05-16,19956190978,31650496,1419170781,9.516790807,176875.7541,48376.83362,1841508021,64282.88238,8.270936,279189792
2022-05-17,19987680525,31421536,1419901056,9.480836885,176485.5709,48026.87513,1845743676,64384.31651,8.575018,249526238
2022-05-18,20018644623,30527968,1420631331,9.359557889,174497.8719,46661.08325,1849931627,64484.05806,7.574566,258575540
2022-05-19,20049064580,29877920,1421361606,9.270053441,173091.7954,45667.50438,1854085832,64582.04683,8.22061,308118641
2022-05-20,20078428665,29619872,1422091880,9.231322612,172621.0607,45273.08576,1858228739,64676.63442,7.935034,255033063
2022-05-21,20108227328,29894080,1422822155,9.260826547,173429.7773,45692.20446,1862391055,64772.62187,8.17425,238502878
2022-05-22,20138012879,28959488,1423552430,9.135579885,171337.6729,44263.70862,1866503161,64868.56709,8.470877,240708364
2022-05-23,20166882122,29518784,1424282705,9.201734999,172825.8143,45118.57578,1870650982,64961.56069,8.147724,484529627
2022-05-24,20196276024,28852448,1425012979,9.111234242,171375.4625,44100.10119,1874763995,65056.24433,8.411102,377565158
2022-05-25,20224670538,27984352,1425743254,8.995469416,169435.8934,42773.2425,1878830458,65147.70874,8.168031,314910872
2022-05-26,20248374061,19892256,1426473529,7.961556437,150137.1831,30404.71653,1882433751,65224.06253,7.650799,385978014
2022-05-27,20272916219,28634592,1427203803,9.069629284,171240.2651,43767.11483,1886543519,65303.11772,7.197633,329281827
2022-05-28,20301669953,29263904,1427934078,9.144345988,172895.8396,44728.99935,1890693021,65395.73925,7.539351,192148004
2022-05-29,20330578126,28024384,1428664353,8.981970609,170067.5629,42834.43021,1894774644,65488.85826,7.626446,192697299
2022-05-30,20358404643,28113568,1429394628,8.988403508,170422.3042,42970.74528,1898864781,65578.49304,8.202182,289565934
2022-05-31,20386909677,28730880,1430124902,9.061449128,172047.8245,43914.28815,1902993931,65670.31345,8.068273,300849492
2022-06-01,20415102936,27600256,1430855177,8.913734694,169477.2498,42186.16329,1907061386,65761.12958,7.448825,282367697
2022-06-02,20443057487,28627104,1431585452,9.038395788,172082.7489,43755.66965,1911191374,65851.17678,7.757703,196508897
2022-06-03,20471521588,27668864,1432315726,8.912769639,169927.2134,42291.02856,1915269628,65942.86534,7.398786,163143806
2022-06-04,20498294826,26318528,1433046001,8.738482432,166822.2148,40227.08049,1919273363,66029.10729,7.458556,187191509
2022-06-05,20524203315,25527744,1433776276,8.635029428,165055.5987,39018.39087,1923234699,66112.56372,7.365965,146012292
2022-06-06,20550067672,26587008,1434506551,8.763810928,167728.3157,40637.44412,1927260180,66195.87799,7.57429,199336295
2022-06-07,20577130063,26977696,1435236825,8.80834841,168802.7111,41234.59901,1931311446,66283.05136,7.3298,243010127
2022-06-08,20603622192,25977824,1435967100,8.67896242,166537.2986,39706.32465,1935308343,66368.3878,7.18839,182009236
2022-06-09,20629045484,25175296,1436697375,8.574719478,164740.0466,38479.68468,1939262106,66450.28131,7.224278,141690213
2022-06-10,20654642773,25970208,1437427650,8.669987359,166777.048,39694.68382,1943264756,66532.7353,6.819968,201312855
2022-06-11,20680031031,24735808,1438157924,8.512208278,163943.2566,37807.94045,1947199396,66614.51596,6.094228,233177461
2022-06-12,20704625933,24309600,1438888199,8.455506328,163044.8695,37156.49431,1951112474,66693.74106,5.714781,256767527
2022-06-13,20728647219,23743744,1439618474,8.381662262,161808.4685,36291.60039,1954995879,66771.11842,5.314726,408845606
2022-06-14,20752966734,25072448,1440348748,8.543173408,165119.9474,38322.48459,1958958759,66849.45644,5.488888,307654666
2022-06-15,20777828375,24282272,1441079023,8.44145898,163349.4961,37114.72428,1962879148,66929.54076,5.846951,337044110
2022-06-16,20802588340,26187712,1441809298,8.673887036,168047.1947,40027.13216,1966912282,67009.29756,5.288224,196075844
2022-06-17,20829817356,27812256,1442539573,8.870603552,172083.3144,42510.19893,1971042283,67097.00767,5.340893,135750808
2022-06-18,20857780681,27550976,1443269847,8.833714042,171597.7398,42110.84029,1975160630,67187.08313,5.108145,227130259
2022-06-19,20884370171,26055712,1444000122,8.644899241,168144.0285,39825.37412,1979196089,67272.73319,5.476022,205540575
2022-06-20,20910940354,26983936,1444730397,8.755190754,170505.8586,41244.13666,1983288231,67358.32107,5.469457,165715948
2022-06-21,20937953602,27104768,1445460672,8.765770784,170932.4326,41428.82474,1987390611,67445.33614,5.95042,296018598
2022-06-22,20965341273,27443936,1446190946,8.803097446,171884.8406,41947.23286,1991515848,67533.55731,5.532756,205602528
2022-06-23,20992379170,26899232,1446921221,8.731894921,170714.4538,41114.66914,1995612997,67620.65178,5.797234,169209939
2022-06-24,21019661730,27705312,1447651496,8.826421306,172786.778,42346.73823,1999759881,67708.53436,6.117861,191118035
2022-06-25,21046744665,25909888,1448381770,8.602245584,168615.2689,39602.48651,2003806649,67795.77391,6.083037,149992529
2022-06-26,21072394233,25770048,1449112045,8.581285425,168409.4123,39388.74527,2007848476,67878.3963,5.831832,125994354
2022-06-27,21098987055,27891328,1449842320,8.836369379,173634.3309,42631.05811,2012015702,67964.0571,5.777835,125376700
2022-06-28,21127738852,29597472,1450572595,9.039808716,177873.9671,45238.84803,2016284679,68056.67239,5.505895,123404568
2022-06-29,21157198284,29028384,1451302869,8.965475598,176657.3125,44369.01409,2020524456,68151.56711,5.438049,105571422
2022-06-30,21185771559,27761696,1452033144,8.806650458,173762.1471,42432.91949,2024694749,68243.60735,5.388857,120797302
2022-07-01,21212540006,25805248,1452033144,8.564742824,169202.6386,39442.54741,2028755614,68329.83387,5.311071,123090113
2022-07-02,21237549058,23835936,1452033144,8.32212391,164603.3626,36432.5131,2032706096,68410.39303,5.336033,68326168
2022-07-03,21260446797,22452224,1452033144,8.151310569,161398.6722,34317.55082,2036579665,68484.15122,5.310825,70749206
2022-07-04,21281969726,20096448,1452033144,7.863339562,155854.369,30716.81787,2040320171,68553.48088,5.558799,104070294
2022-07-05,21299279828,15150752,1452033144,7.26306223,144073.7348,23157.46991,2043777942,68609.24018,5.492034,117825025
2022-07-06,21313104816,11752448,1452033144,6.851034066,135988.7488,17963.26419,2047041672,68653.77323,5.575416,99920634
2022-07-07,21322966452,8634688,1452033144,6.473628482,128556.9397,13197.86157,2050127039,68685.53954,5.80867,103530291
2022-07-08,21332877931,11406656,1452033144,6.807951224,135258.9507,17434.7315,2053373255,68717.46639,5.735401,112512395
2022-07-09,21344960108,12842752,1452033144,6.980529637,138766.2502,19629.76115,2056703645,68756.3855,5.806201,89792660
2022-07-10,21358369455,13471072,1452033144,7.055356315,140341.8433,20590.12942,2060071850,68799.57969,5.484713,86658005
2022-07-11,21372240144,14777824,1452033144,7.211844758,143547.8013,22587.46065,2063516998,68844.25995,5.191659,99627307
2022-07-12,21388336493,17060384,1452033144,7.485484282,149106.6596,26076.28513,2067095559,68896.10951,5.081658,82871670
2022-07-13,21405238742,16901472,1452033144,7.464732344,148810.7983,25833.39291,2070667019,68950.55504,5.297848,132685102
2022-07-14,21421959759,16565120,1452033144,7.422687518,148088.218,25319.28897,2074221137,69004.41678,5.361027,95529865
2022-07-15,21438296883,16341632,1452033144,7.394308262,147634.5358,24977.69426,2077764367,69057.04192,5.228496,100784299
2022-07-16,21454897976,16254368,1452033144,7.382308421,147509.085,24844.31386,2081304586,69110.51736,5.386935,92453791
2022-07-17,21470557247,15663264,1452033144,7.309947002,146169.8074,23940.82913,2084812662,69160.959,5.688719,193594561
2022-07-18,21487043121,17176832,1452033144,7.490006913,149885.2871,26254.27241,2088409910,69214.0633,5.987658,256056314
2022-07-19,21503866299,16090208,1452033144,7.358193014,147362.7973,24593.40022,2091946618,69268.25412,6.056086,257496139
2022-07-20,21519743797,15876352,1452033144,7.33116459,146929.9045,24266.52774,2095472937,69319.39872,5.581972,277047918
2022-07-21,21535888236,16489728,1452033144,7.403126758,148483.4687,25204.05456,2099036541,69371.40319,5.632761,191380127
2022-07-22,21552735542,16973312,1452033144,7.459397639,149729.1258,25943.19819,2102630041,69425.67173,5.486861,162608817
2022-07-23,21569391378,16310240,1452033144,7.378620852,148222.1866,24929.71253,2106187374,69479.32351,5.583065,135364385
2022-07-24,21584827473,14858048,1452033144,7.203874263,144815.4292,22710.08063,2109662946,69529.04626,5.648096,150703589
2022-07-25,21599707649,14751680,1452033144,7.189963608,144635.4314,22547.50033,2113134197,69576.97828,5.236839,162017843
2022-07-26,21614090573,14217568,1452033144,7.125120113,143426.4625,21731.12616,2116576433,69623.30855,5.307252,153312731
2022-07-27,21628231803,14068160,1452033144,7.10621237,143139.4447,21502.76052,2120011780,69668.86028,5.64393,169447682
2022-07-28,21642808007,14945888,1452033144,7.209580356,145319.4427,22844.34143,2123499448,69715.81315,5.935979,294740493
2022-07-29,21657823640,14887936,1452033144,7.201452087,145256.3137,22755.76354,2126985600,69764.18151,5.957067,320543545
2022-07-30,21672567134,14371808,1452033144,7.13888458,144092.3245,21966.87737,2130443817,69811.67325,8.047046,1463241397
2022-07-31,21686429888,13739712,1452033144,7.062690352,142645.5929,21000.7376,2133867312,69856.32796,9.83788,1936604101
2022-08-01,21700408135,14261312,1452033144,7.123572371,143967.9673,21797.98755,2137322544,69901.35468,8.811206,1494547956
2022-08-02,21714782143,14592768,1452033144,7.161781724,144836.055,22304.6081,2140798610,69947.65624,8.15643,1119761019
2022-08-03,21728992600,13471328,1452033144,7.027667296,142216.8041,20590.52071,2144211814,69993.43096,8.091404,753411135
2022-08-04,21742219719,13300960,1452033144,7.006505271,141874.8657,20330.11833,2147616811,70036.03816,8.09992,521361180
2022-08-05,21756602591,15565792,1452033144,7.273689515,147382.5166,23791.8461,2151153993,70082.36827,8.344742,441197263
2022-08-06,21772349624,15552864,1452033144,7.27082624,147431.1305,23772.08604,2154692341,70133.09261,9.464841,853213474
2022-08-07,21787145981,13893568,1452033144,7.073339644,143524.1507,21235.90188,2158136921,70180.75463,8.782747,422489865
2022-08-08,21801150983,14432864,1452033144,7.136022955,144889.1255,22060.19964,2161614261,70225.86755,8.712517,444481646
2022-08-09,21815835059,15031744,1452033144,7.20560817,146400.5181,22975.56975,2165127874,70273.16789,8.041505,456956171
2022-08-10,21830789993,14583552,1452033144,7.151492517,145400.624,22290.52173,2168617490,70321.34073,8.293769,431276448
2022-08-11,21845078771,13997696,1452033144,7.081264146,144067.009,21395.05841,2172075099,70367.36774,8.360317,440521796
2022-08-12,21859102788,14187744,1452033144,7.102606926,144593.9903,21685.54107,2175545355,70412.5419,8.755224,362119526
2022-08-13,21873192140,13806112,1452033144,7.056573532,143749.4426,21102.22801,2178995343,70457.92652,8.347149,308188371
2022-08-14,21886005210,11734592,1452033144,6.811739767,138843.2198,17935.97183,2182327581,70499.19998,8.238071,333537515
2022-08-15,21898289021,12781280,1452033144,6.934123052,141417.0775,19535.80304,2185721591,70538.76859,8.473929,327166697
2022-08-16,21911039923,13237632,1452033144,6.986913151,142576.6693,20233.32338,2189143432,70579.8418,8.427291,425628930
2022-08-17,21924510456,13595936,1452033144,7.028066026,143504.615,20780.9803,2192587544,70623.23308,8.176953,405716782
2022-08-18,21937706618,12706336,1452033144,6.92261842,141436.5805,19421.25339,2195982022,70665.74056,7.490127,307861129
2022-08-19,21950582300,13258688,1452033144,6.986580523,142827.1744,20265.50685,2199409875,70707.2157,6.472313,546726899
2022-08-20,21963996328,13300608,1452033144,6.990547757,142995.6083,20329.58031,2202841771,70750.42497,6.249108,308613756
2022-08-21,21977075549,12819392,1452033144,6.9332,141906.9806,19594.05609,2206247539,70792.55576,6.415201,227340316
2022-08-22,21989843192,12900640,1452033144,6.941847565,142166.5209,19718.24122,2209659536,70833.68289,6.318515,232443391
2022-08-23,22002836669,13197056,1452033144,6.975666874,142943.5414,20171.30418,2213090182,70875.53748,6.376111,207326848
2022-08-24,22015903126,12886176,1452033144,6.938365458,142263.6041,19696.13343,2216504509,70917.62715,6.276423,246562839
2022-08-25,22029469097,14374720,1452033144,7.111542865,145904.267,21971.32828,2220006212,70961.32586,6.363798,209209416
2022-08-26,22044385010,15060544,1452033144,7.190567706,147625.4714,23019.58969,2223549224,71009.37299,5.646423,316005694
2022-08-27,22059061837,14368064,1452033144,7.108509859,146037.9535,21961.15478,2227054136,71056.64999,5.830761,212303548
2022-08-28,22072848723,13170240,1452033144,6.967634576,143233.262,20130.31673,2230491735,71101.06031,5.615007,157396573
2022-08-29,22086263417,13714624,1452033144,7.030210408,144607.461,20962.39135,2233962315,71144.27172,6.021931,186036630
2022-08-30,22100539885,14972928,1452033144,7.175879895,147699.2106,22885.67126,2237507097,71190.25908,5.706767,195454699
2022-08-31,22115368425,14618912,1452033144,7.133463099,146924.6713,22344.56842,2241033290,71238.02477,5.744146,183454088
2022-09-01,22130320943,15301344,1452033144,7.211768546,148637.9211,23387.64526,2244600601,71286.18982,5.769775,167138976
2022-09-02,22144943937,13882720,1452033144,7.045529351,145307.6047,21219.32104,2248087984,71333.29341,5.830133,215076713
2022-09-03,22159049956,14371136,1452033144,7.101294125,146550.9937,21965.85024,2251605209,71378.73172,6.518859,471942594
2022-09-04,22173063709,13620320,1452033144,7.012988213,144820.1336,20818.25051,2255080893,71423.87282,6.263213,206437211
2022-09-05,22186561712,13232768,1452033144,6.967016582,143958.3891,20225.8889,2258535895,71467.35259,6.129818,194588259
2022-09-06,22199615560,12994848,1452033144,6.938498109,143453.47,19862.23532,2261978779,71509.40164,5.60813,269790495
2022-09-07,22212244123,12165120,1452033144,6.841390809,141526.2397,18594.02097,2265375409,71550.08077,5.853741,191565230
2022-09-08,22224564033,12638656,1452033144,6.895509029,142724.8884,19317.80654,2268800807,71589.76566,5.861864,183666019
2022-09-09,22237298045,12787488,1452033144,6.911915241,143146.4397,19545.29178,2272236322,71630.78446,6.384137,338433960
2022-09-10,22249766968,12030048,1452033144,6.823368808,141391.8714,18387.56747,2275629728,71670.94936,6.363796,244893720
2022-09-11,22261941935,12506624,1452033144,6.877767065,142597.0821,19115.99959,2279052059,71710.16736,6.404723,333184718
2022-09-12,22274512816,12631840,1452033144,6.891434775,142961.1372,19307.38848,2282483127,71750.66068,6.54175,352722962
2022-09-13,22287559279,13294400,1452033144,6.967177724,144617.0607,20320.09157,2285953937,71792.68595,5.934766,316015319
2022-09-14,22300794795,13277536,1452033144,6.964317055,144643.528,20294.31545,2289425382,71835.32019,5.959262,202725431
2022-09-15,22314570885,14385664,1452033144,7.091325134,147372.37,21988.05585,2292962320,71879.69573,5.714375,208539536
2022-09-16,22328956619,14392256,1452033144,7.091015628,147460.9415,21998.13153,2296501383,71926.03506,5.823905,169713207
2022-09-17,22343379769,14305920,1452033144,7.079987211,147326.7032,21866.16954,2300037225,71972.49491,5.912122,116137785
2022-09-18,22357414944,13712576,1452033144,7.010569606,145973.8367,20959.26104,2303540598,72017.70502,5.251811,193418125
2022-09-19,22371210753,14023616,1452033144,7.045419792,146790.0081,21434.67635,2307063559,72062.14408,5.480259,200955000
2022-09-20,22384956016,13149792,1452033144,6.94384509,144762.6081,20099.06258,2310537862,72106.42032,5.314151,165224729
2022-09-21,22398044635,13105792,1452033144,6.937898849,144723.2143,20031.8099,2314011220,72148.58138,5.279063,237611667
2022-09-22,22410917811,12636768,1452033144,6.883107602,143662.8017,19314.92078,2317459128,72190.04845,5.520966,198008924
2022-09-23,22423593589,13064928,1452033144,6.931485419,144754.3614,19969.3505,2320933233,72230.87967,5.702567,224932132
2022-09-24,22436895202,13291808,1452033144,6.956650328,145366.0749,20316.12977,2324422020,72273.72682,5.574241,168067498
2022-09-25,22450040470,13116128,1452033144,6.935593248,145010.9753,20047.60816,2327902284,72316.07036,5.717006,194016960
2022-09-26,22462930936,12655424,1452033144,6.881883395,143970.6156,19343.43592,2331357580,72357.59313,5.688375,200487735
2022-09-27,22475305158,12087296,1452033144,6.815951758,142669.86,18475.06932,2334781657,72397.45297,5.73376,292625181
2022-09-28,22487461002,12261472,1452033144,6.835160101,143149.3053,18741.29211,2338217241,72436.60938,5.862675,221149106
2022-09-29,22500180260,13194592,1452033144,6.941224114,145452.8363,20167.53803,2341708110,72477.58065,5.781772,154368757
2022-09-30,22513362403,13141984,1452033144,6.934318392,145393.2589,20087.12828,2345197549,72520.04297,5.684224,154763364
2022-10-01,22526679663,13355968,1452033144,6.957905208,145974.105,20414.19641,2348700928,72562.94053,5.517215,108329989
2022-10-02,22539113879,11352480,1452033144,6.728025054,141229.2224,17351.92511,2352090430,72602.99363,5.377714,124553326
2022-10-03,22550079853,11084960,1452033144,6.696826107,140642.7133,16943.02881,2355465856,72638.31722,5.525445,113370795
2022-10-04,22561692948,11809600,1452033144,6.778931593,142440.3611,18050.61931,2358884425,72675.72532,5.603505,121038093
2022-10-05,22573470532,11886944,1452033144,6.787056364,142685.5259,18168.8373,2362308878,72713.66328,5.587211,103194408
2022-10-06,22585103266,11272480,1452033144,6.716255444,141269.828,17229.64751,2365699355,72751.13464,5.487322,113636252
2022-10-07,22596734535,12169568,1452033144,6.817886452,143481.3908,18600.8196,2369142909,72788.60128,5.471751,81383128
2022-10-08,22608879138,11927616,1452033144,6.789566616,142962.1978,18231.00323,2372574002,72827.72148,5.397412,62993097
2022-10-09,22620953704,12321760,1452033144,6.833736281,143969.0888,18833.44051,2376029261,72866.61607,5.431464,61491538
2022-10-10,22633123909,11984864,1452033144,6.794627839,143222.1884,18318.50508,2379466594,72905.81874,5.156588,103246298
2022-10-11,22644995456,11679392,1452033144,6.759154486,142549.1857,17851.60029,2382887775,72944.05936,5.129609,113443920
2022-10-12,22656642177,11987424,1452033144,6.79350268,143347.2702,18322.41796,2386328111,72981.57578,5.145176,79402437
2022-10-13,22669204228,12611296,1452033144,6.863658555,144907.9044,19275.9876,2389805901,73022.04066,5.137164,189209228
2022-10-14,22681425707,12329664,1452033144,6.830892204,144293.8801,18845.52153,2393268955,73061.40849,5.066583,143976527
2022-10-15,22694012962,12360032,1452033144,6.833563272,144430.4115,18891.93811,2396735285,73101.95455,5.184858,136423790
2022-10-16,22703885332,7650816,1452033144,6.298505777,133179.6431,11694.04273,2399931597,73133.75543,5.153086,105048220